Instant,Hour,Normalised,Holiday_0,Holiday_1,Holiday_2,Holiday_3,Holiday_4
1,0,2,1,0,0,0,0
2,1,2,1,0,0,0,0
3,2,2,1,0,0,0,0
4,3,2,1,0,0,0,0
5,4,2,1,0,0,0,0
6,5,2,1,0,0,0,0
7,6,20,1,0,0,0,0
8,7,40,1,0,0,0,0
9,8,88,1,0,0,0,0
10,9,90,1,0,0,0,0
11,10,100,1,0,0,0,0
12,11,100,1,0,0,0,0
13,12,100,1,0,0,0,0
14,13,100,1,0,0,0,0
15,14,100,1,0,0,0,0
16,15,97,1,0,0,0,0
17,16,95,1,0,0,0,0
18,17,94,1,0,0,0,0
19,18,86,1,0,0,0,0
20,19,72,1,0,0,0,0
21,20,70,1,0,0,0,0
22,21,63,1,0,0,0,0
23,22,20,1,0,0,0,0
24,23,5,1,0,0,0,0
25,0,5,1,0,0,0,0
26,1,5,1,0,0,0,0
27,2,5,1,0,0,0,0
28,3,5,1,0,0,0,0
29,4,5,1,0,0,0,0
30,5,5,1,0,0,0,0
31,6,30,1,0,0,0,0
32,7,40,1,0,0,0,0
33,8,80,1,0,0,0,0
34,9,90,1,0,0,0,0
35,10,100,1,0,0,0,0
36,11,100,1,0,0,0,0
37,12,100,1,0,0,0,0
38,13,100,1,0,0,0,0
39,14,100,1,0,0,0,0
40,15,100,1,0,0,0,0
41,16,98,1,0,0,0,0
42,17,97,1,0,0,0,0
43,18,92,1,0,0,0,0
44,19,90,1,0,0,0,0
45,20,88,1,0,0,0,0
46,21,70,1,0,0,0,0
47,22,20,1,0,0,0,0
48,23,8,1,0,0,0,0
49,0,3,1,0,0,0,0
50,1,3,1,0,0,0,0
51,2,3,1,0,0,0,0
52,3,3,1,0,0,0,0
53,4,3,1,0,0,0,0
54,5,3,1,0,0,0,0
55,6,22,1,0,0,0,0
56,7,36,1,0,0,0,0
57,8,89,1,0,0,0,0
58,9,91,1,0,0,0,0
59,10,100,1,0,0,0,0
60,11,100,1,0,0,0,0
61,12,100,1,0,0,0,0
62,13,100,1,0,0,0,0
63,14,100,1,0,0,0,0
64,15,96,1,0,0,0,0
65,16,94,1,0,0,0,0
66,17,92,1,0,0,0,0
67,18,86,1,0,0,0,0
68,19,72,1,0,0,0,0
69,20,70,1,0,0,0,0
70,21,63,1,0,0,0,0
71,22,20,1,0,0,0,0
72,23,5,1,0,0,0,0
73,0,5,0,1,0,0,0
74,1,5,0,1,0,0,0
75,2,5,0,1,0,0,0
76,3,5,0,1,0,0,0
77,4,5,0,1,0,0,0
78,5,5,0,1,0,0,0
79,6,20,0,1,0,0,0
80,7,30,0,1,0,0,0
81,8,40,0,1,0,0,0
82,9,50,0,1,0,0,0
83,10,60,0,1,0,0,0
84,11,70,0,1,0,0,0
85,12,80,0,1,0,0,0
86,13,80,0,1,0,0,0
87,14,80,0,1,0,0,0
88,15,80,0,1,0,0,0
89,16,80,0,1,0,0,0
90,17,62,0,1,0,0,0
91,18,40,0,1,0,0,0
92,19,28,0,1,0,0,0
93,20,20,0,1,0,0,0
94,21,10,0,1,0,0,0
95,22,4,0,1,0,0,0
96,23,4,0,1,0,0,0
97,0,4,0,1,0,0,0
98,1,4,0,1,0,0,0
99,2,4,0,1,0,0,0
100,3,4,0,1,0,0,0
101,4,4,0,1,0,0,0
102,5,4,0,1,0,0,0
103,6,10,0,1,0,0,0
104,7,20,0,1,0,0,0
105,8,40,0,1,0,0,0
106,9,45,0,1,0,0,0
107,10,55,0,1,0,0,0
108,11,55,0,1,0,0,0
109,12,55,0,1,0,0,0
110,13,55,0,1,0,0,0
111,14,55,0,1,0,0,0
112,15,55,0,1,0,0,0
113,16,44,0,1,0,0,0
114,17,32,0,1,0,0,0
115,18,30,0,1,0,0,0
116,19,22,0,1,0,0,0
117,20,20,0,1,0,0,0
118,21,10,0,1,0,0,0
119,22,3,0,1,0,0,0
120,23,3,0,1,0,0,0
121,0,3,1,0,0,0,0
122,1,3,1,0,0,0,0
123,2,3,1,0,0,0,0
124,3,3,1,0,0,0,0
125,4,3,1,0,0,0,0
126,5,3,1,0,0,0,0
127,6,20,1,0,0,0,0
128,7,40,1,0,0,0,0
129,8,88,1,0,0,0,0
130,9,90,1,0,0,0,0
131,10,100,1,0,0,0,0
132,11,100,1,0,0,0,0
133,12,100,1,0,0,0,0
134,13,100,1,0,0,0,0
135,14,100,1,0,0,0,0
136,15,97,1,0,0,0,0
137,16,95,1,0,0,0,0
138,17,94,1,0,0,0,0
139,18,86,1,0,0,0,0
140,19,72,1,0,0,0,0
141,20,70,1,0,0,0,0
142,21,63,1,0,0,0,0
143,22,20,1,0,0,0,0
144,23,5,1,0,0,0,0
145,0,5,1,0,0,0,0
146,1,5,1,0,0,0,0
147,2,5,1,0,0,0,0
148,3,5,1,0,0,0,0
149,4,5,1,0,0,0,0
150,5,5,1,0,0,0,0
151,6,20,1,0,0,0,0
152,7,30,1,0,0,0,0
153,8,70,1,0,0,0,0
154,9,90,1,0,0,0,0
155,10,100,1,0,0,0,0
156,11,100,1,0,0,0,0
157,12,100,1,0,0,0,0
158,13,100,1,0,0,0,0
159,14,100,1,0,0,0,0
160,15,100,1,0,0,0,0
161,16,95,1,0,0,0,0
162,17,92,1,0,0,0,0
163,18,86,1,0,0,0,0
164,19,70,1,0,0,0,0
165,20,40,1,0,0,0,0
166,21,20,1,0,0,0,0
167,22,3,1,0,0,0,0
168,23,3,1,0,0,0,0
169,0,3,1,0,0,0,0
170,1,3,1,0,0,0,0
171,2,3,1,0,0,0,0
172,3,3,1,0,0,0,0
173,4,3,1,0,0,0,0
174,5,3,1,0,0,0,0
175,6,20,1,0,0,0,0
176,7,40,1,0,0,0,0
177,8,88,1,0,0,0,0
178,9,90,1,0,0,0,0
179,10,100,1,0,0,0,0
180,11,100,1,0,0,0,0
181,12,100,1,0,0,0,0
182,13,100,1,0,0,0,0
183,14,100,1,0,0,0,0
184,15,97,1,0,0,0,0
185,16,95,1,0,0,0,0
186,17,94,1,0,0,0,0
187,18,86,1,0,0,0,0
188,19,72,1,0,0,0,0
189,20,70,1,0,0,0,0
190,21,63,1,0,0,0,0
191,22,20,1,0,0,0,0
192,23,2,1,0,0,0,0
193,0,2,1,0,0,0,0
194,1,2,1,0,0,0,0
195,2,2,1,0,0,0,0
196,3,2,1,0,0,0,0
197,4,2,1,0,0,0,0
198,5,2,1,0,0,0,0
199,6,20,1,0,0,0,0
200,7,40,1,0,0,0,0
201,8,88,1,0,0,0,0
202,9,90,1,0,0,0,0
203,10,100,1,0,0,0,0
204,11,100,1,0,0,0,0
205,12,100,1,0,0,0,0
206,13,100,1,0,0,0,0
207,14,100,1,0,0,0,0
208,15,97,1,0,0,0,0
209,16,95,1,0,0,0,0
210,17,94,1,0,0,0,0
211,18,86,1,0,0,0,0
212,19,72,1,0,0,0,0
213,20,70,1,0,0,0,0
214,21,63,1,0,0,0,0
215,22,20,1,0,0,0,0
216,23,5,1,0,0,0,0
217,0,5,1,0,0,0,0
218,1,5,1,0,0,0,0
219,2,5,1,0,0,0,0
220,3,5,1,0,0,0,0
221,4,5,1,0,0,0,0
222,5,5,1,0,0,0,0
223,6,20,1,0,0,0,0
224,7,40,1,0,0,0,0
225,8,88,1,0,0,0,0
226,9,90,1,0,0,0,0
227,10,100,1,0,0,0,0
228,11,100,1,0,0,0,0
229,12,100,1,0,0,0,0
230,13,100,1,0,0,0,0
231,14,100,1,0,0,0,0
232,15,97,1,0,0,0,0
233,16,95,1,0,0,0,0
234,17,94,1,0,0,0,0
235,18,86,1,0,0,0,0
236,19,72,1,0,0,0,0
237,20,70,1,0,0,0,0
238,21,63,1,0,0,0,0
239,22,20,1,0,0,0,0
240,23,5,1,0,0,0,0
241,0,5,0,1,0,0,0
242,1,5,0,1,0,0,0
243,2,5,0,1,0,0,0
244,3,5,0,1,0,0,0
245,4,5,0,1,0,0,0
246,5,5,0,1,0,0,0
247,6,20,0,1,0,0,0
248,7,30,0,1,0,0,0
249,8,40,0,1,0,0,0
250,9,50,0,1,0,0,0
251,10,60,0,1,0,0,0
252,11,70,0,1,0,0,0
253,12,80,0,1,0,0,0
254,13,80,0,1,0,0,0
255,14,80,0,1,0,0,0
256,15,80,0,1,0,0,0
257,16,80,0,1,0,0,0
258,17,62,0,1,0,0,0
259,18,40,0,1,0,0,0
260,19,28,0,1,0,0,0
261,20,20,0,1,0,0,0
262,21,10,0,1,0,0,0
263,22,4,0,1,0,0,0
264,23,4,0,1,0,0,0
265,0,4,0,1,0,0,0
266,1,4,0,1,0,0,0
267,2,4,0,1,0,0,0
268,3,4,0,1,0,0,0
269,4,4,0,1,0,0,0
270,5,4,0,1,0,0,0
271,6,10,0,1,0,0,0
272,7,20,0,1,0,0,0
273,8,40,0,1,0,0,0
274,9,45,0,1,0,0,0
275,10,55,0,1,0,0,0
276,11,55,0,1,0,0,0
277,12,55,0,1,0,0,0
278,13,55,0,1,0,0,0
279,14,55,0,1,0,0,0
280,15,55,0,1,0,0,0
281,16,44,0,1,0,0,0
282,17,32,0,1,0,0,0
283,18,30,0,1,0,0,0
284,19,22,0,1,0,0,0
285,20,20,0,1,0,0,0
286,21,10,0,1,0,0,0
287,22,3,0,1,0,0,0
288,23,3,0,1,0,0,0
289,0,3,1,0,0,0,0
290,1,3,1,0,0,0,0
291,2,3,1,0,0,0,0
292,3,3,1,0,0,0,0
293,4,3,1,0,0,0,0
294,5,3,1,0,0,0,0
295,6,20,1,0,0,0,0
296,7,40,1,0,0,0,0
297,8,88,1,0,0,0,0
298,9,90,1,0,0,0,0
299,10,100,1,0,0,0,0
300,11,100,1,0,0,0,0
301,12,100,1,0,0,0,0
302,13,100,1,0,0,0,0
303,14,100,1,0,0,0,0
304,15,97,1,0,0,0,0
305,16,95,1,0,0,0,0
306,17,94,1,0,0,0,0
307,18,86,1,0,0,0,0
308,19,72,1,0,0,0,0
309,20,70,1,0,0,0,0
310,21,63,1,0,0,0,0
311,22,20,1,0,0,0,0
312,23,1,1,0,0,0,0
313,0,1,1,0,0,0,0
314,1,1,1,0,0,0,0
315,2,1,1,0,0,0,0
316,3,1,1,0,0,0,0
317,4,1,1,0,0,0,0
318,5,1,1,0,0,0,0
319,6,20,1,0,0,0,0
320,7,25,1,0,0,0,0
321,8,70,1,0,0,0,0
322,9,90,1,0,0,0,0
323,10,100,1,0,0,0,0
324,11,100,1,0,0,0,0
325,12,100,1,0,0,0,0
326,13,100,1,0,0,0,0
327,14,100,1,0,0,0,0
328,15,98,1,0,0,0,0
329,16,98,1,0,0,0,0
330,17,98,1,0,0,0,0
331,18,98,1,0,0,0,0
332,19,90,1,0,0,0,0
333,20,80,1,0,0,0,0
334,21,60,1,0,0,0,0
335,22,20,1,0,0,0,0
336,23,2,1,0,0,0,0
337,0,2,1,0,0,0,0
338,1,2,1,0,0,0,0
339,2,2,1,0,0,0,0
340,3,2,1,0,0,0,0
341,4,2,1,0,0,0,0
342,5,2,1,0,0,0,0
343,6,20,1,0,0,0,0
344,7,40,1,0,0,0,0
345,8,88,1,0,0,0,0
346,9,90,1,0,0,0,0
347,10,100,1,0,0,0,0
348,11,100,1,0,0,0,0
349,12,100,1,0,0,0,0
350,13,100,1,0,0,0,0
351,14,100,1,0,0,0,0
352,15,97,1,0,0,0,0
353,16,95,1,0,0,0,0
354,17,94,1,0,0,0,0
355,18,86,1,0,0,0,0
356,19,72,1,0,0,0,0
357,20,70,1,0,0,0,0
358,21,63,1,0,0,0,0
359,22,20,1,0,0,0,0
360,23,2,1,0,0,0,0
361,0,2,1,0,0,0,0
362,1,2,1,0,0,0,0
363,2,2,1,0,0,0,0
364,3,2,1,0,0,0,0
365,4,2,1,0,0,0,0
366,5,2,1,0,0,0,0
367,6,20,1,0,0,0,0
368,7,40,1,0,0,0,0
369,8,88,1,0,0,0,0
370,9,90,1,0,0,0,0
371,10,100,1,0,0,0,0
372,11,100,1,0,0,0,0
373,12,100,1,0,0,0,0
374,13,100,1,0,0,0,0
375,14,100,1,0,0,0,0
376,15,97,1,0,0,0,0
377,16,95,1,0,0,0,0
378,17,94,1,0,0,0,0
379,18,86,1,0,0,0,0
380,19,72,1,0,0,0,0
381,20,70,1,0,0,0,0
382,21,63,1,0,0,0,0
383,22,20,1,0,0,0,0
384,23,5,1,0,0,0,0
385,0,5,1,0,0,0,0
386,1,5,1,0,0,0,0
387,2,5,1,0,0,0,0
388,3,5,1,0,0,0,0
389,4,5,1,0,0,0,0
390,5,5,1,0,0,0,0
391,6,20,1,0,0,0,0
392,7,40,1,0,0,0,0
393,8,88,1,0,0,0,0
394,9,90,1,0,0,0,0
395,10,100,1,0,0,0,0
396,11,100,1,0,0,0,0
397,12,100,1,0,0,0,0
398,13,100,1,0,0,0,0
399,14,100,1,0,0,0,0
400,15,97,1,0,0,0,0
401,16,95,1,0,0,0,0
402,17,94,1,0,0,0,0
403,18,86,1,0,0,0,0
404,19,72,1,0,0,0,0
405,20,70,1,0,0,0,0
406,21,63,1,0,0,0,0
407,22,20,1,0,0,0,0
408,23,5,1,0,0,0,0
409,0,5,0,1,0,0,0
410,1,5,0,1,0,0,0
411,2,5,0,1,0,0,0
412,3,5,0,1,0,0,0
413,4,5,0,1,0,0,0
414,5,5,0,1,0,0,0
415,6,20,0,1,0,0,0
416,7,30,0,1,0,0,0
417,8,40,0,1,0,0,0
418,9,50,0,1,0,0,0
419,10,60,0,1,0,0,0
420,11,70,0,1,0,0,0
421,12,80,0,1,0,0,0
422,13,80,0,1,0,0,0
423,14,80,0,1,0,0,0
424,15,80,0,1,0,0,0
425,16,80,0,1,0,0,0
426,17,62,0,1,0,0,0
427,18,40,0,1,0,0,0
428,19,28,0,1,0,0,0
429,20,20,0,1,0,0,0
430,21,10,0,1,0,0,0
431,22,4,0,1,0,0,0
432,23,4,0,1,0,0,0
433,0,4,0,1,0,0,0
434,1,4,0,1,0,0,0
435,2,4,0,1,0,0,0
436,3,4,0,1,0,0,0
437,4,4,0,1,0,0,0
438,5,4,0,1,0,0,0
439,6,10,0,1,0,0,0
440,7,20,0,1,0,0,0
441,8,40,0,1,0,0,0
442,9,45,0,1,0,0,0
443,10,55,0,1,0,0,0
444,11,55,0,1,0,0,0
445,12,55,0,1,0,0,0
446,13,55,0,1,0,0,0
447,14,55,0,1,0,0,0
448,15,55,0,1,0,0,0
449,16,44,0,1,0,0,0
450,17,32,0,1,0,0,0
451,18,30,0,1,0,0,0
452,19,22,0,1,0,0,0
453,20,20,0,1,0,0,0
454,21,10,0,1,0,0,0
455,22,3,0,1,0,0,0
456,23,3,0,1,0,0,0
457,0,3,1,0,0,0,0
458,1,3,1,0,0,0,0
459,2,3,1,0,0,0,0
460,3,3,1,0,0,0,0
461,4,3,1,0,0,0,0
462,5,3,1,0,0,0,0
463,6,20,1,0,0,0,0
464,7,40,1,0,0,0,0
465,8,88,1,0,0,0,0
466,9,90,1,0,0,0,0
467,10,100,1,0,0,0,0
468,11,100,1,0,0,0,0
469,12,100,1,0,0,0,0
470,13,100,1,0,0,0,0
471,14,100,1,0,0,0,0
472,15,97,1,0,0,0,0
473,16,95,1,0,0,0,0
474,17,94,1,0,0,0,0
475,18,86,1,0,0,0,0
476,19,72,1,0,0,0,0
477,20,70,1,0,0,0,0
478,21,63,1,0,0,0,0
479,22,20,1,0,0,0,0
480,23,5,1,0,0,0,0
481,0,5,1,0,0,0,0
482,1,5,1,0,0,0,0
483,2,5,1,0,0,0,0
484,3,5,1,0,0,0,0
485,4,5,1,0,0,0,0
486,5,5,1,0,0,0,0
487,6,20,1,0,0,0,0
488,7,30,1,0,0,0,0
489,8,70,1,0,0,0,0
490,9,90,1,0,0,0,0
491,10,100,1,0,0,0,0
492,11,100,1,0,0,0,0
493,12,100,1,0,0,0,0
494,13,100,1,0,0,0,0
495,14,100,1,0,0,0,0
496,15,100,1,0,0,0,0
497,16,95,1,0,0,0,0
498,17,92,1,0,0,0,0
499,18,86,1,0,0,0,0
500,19,70,1,0,0,0,0
501,20,40,1,0,0,0,0
502,21,20,1,0,0,0,0
503,22,3,1,0,0,0,0
504,23,3,1,0,0,0,0
505,0,3,1,0,0,0,0
506,1,3,1,0,0,0,0
507,2,3,1,0,0,0,0
508,3,3,1,0,0,0,0
509,4,3,1,0,0,0,0
510,5,3,1,0,0,0,0
511,6,20,1,0,0,0,0
512,7,40,1,0,0,0,0
513,8,88,1,0,0,0,0
514,9,90,1,0,0,0,0
515,10,100,1,0,0,0,0
516,11,100,1,0,0,0,0
517,12,100,1,0,0,0,0
518,13,100,1,0,0,0,0
519,14,100,1,0,0,0,0
520,15,97,1,0,0,0,0
521,16,95,1,0,0,0,0
522,17,94,1,0,0,0,0
523,18,86,1,0,0,0,0
524,19,72,1,0,0,0,0
525,20,70,1,0,0,0,0
526,21,63,1,0,0,0,0
527,22,20,1,0,0,0,0
528,23,2,1,0,0,0,0
529,0,2,1,0,0,0,0
530,1,2,1,0,0,0,0
531,2,2,1,0,0,0,0
532,3,2,1,0,0,0,0
533,4,2,1,0,0,0,0
534,5,2,1,0,0,0,0
535,6,20,1,0,0,0,0
536,7,40,1,0,0,0,0
537,8,88,1,0,0,0,0
538,9,90,1,0,0,0,0
539,10,100,1,0,0,0,0
540,11,100,1,0,0,0,0
541,12,100,1,0,0,0,0
542,13,100,1,0,0,0,0
543,14,100,1,0,0,0,0
544,15,97,1,0,0,0,0
545,16,95,1,0,0,0,0
546,17,94,1,0,0,0,0
547,18,86,1,0,0,0,0
548,19,72,1,0,0,0,0
549,20,70,1,0,0,0,0
550,21,63,1,0,0,0,0
551,22,20,1,0,0,0,0
552,23,5,1,0,0,0,0
553,0,5,1,0,0,0,0
554,1,5,1,0,0,0,0
555,2,5,1,0,0,0,0
556,3,5,1,0,0,0,0
557,4,5,1,0,0,0,0
558,5,5,1,0,0,0,0
559,6,20,1,0,0,0,0
560,7,40,1,0,0,0,0
561,8,88,1,0,0,0,0
562,9,90,1,0,0,0,0
563,10,100,1,0,0,0,0
564,11,100,1,0,0,0,0
565,12,100,1,0,0,0,0
566,13,100,1,0,0,0,0
567,14,100,1,0,0,0,0
568,15,97,1,0,0,0,0
569,16,95,1,0,0,0,0
570,17,94,1,0,0,0,0
571,18,86,1,0,0,0,0
572,19,72,1,0,0,0,0
573,20,70,1,0,0,0,0
574,21,63,1,0,0,0,0
575,22,20,1,0,0,0,0
576,23,5,1,0,0,0,0
577,0,5,0,1,0,0,0
578,1,5,0,1,0,0,0
579,2,5,0,1,0,0,0
580,3,5,0,1,0,0,0
581,4,5,0,1,0,0,0
582,5,5,0,1,0,0,0
583,6,20,0,1,0,0,0
584,7,30,0,1,0,0,0
585,8,40,0,1,0,0,0
586,9,50,0,1,0,0,0
587,10,60,0,1,0,0,0
588,11,70,0,1,0,0,0
589,12,80,0,1,0,0,0
590,13,80,0,1,0,0,0
591,14,80,0,1,0,0,0
592,15,80,0,1,0,0,0
593,16,80,0,1,0,0,0
594,17,62,0,1,0,0,0
595,18,40,0,1,0,0,0
596,19,28,0,1,0,0,0
597,20,20,0,1,0,0,0
598,21,10,0,1,0,0,0
599,22,4,0,1,0,0,0
600,23,4,0,1,0,0,0
601,0,4,0,1,0,0,0
602,1,4,0,1,0,0,0
603,2,4,0,1,0,0,0
604,3,4,0,1,0,0,0
605,4,4,0,1,0,0,0
606,5,4,0,1,0,0,0
607,6,10,0,1,0,0,0
608,7,20,0,1,0,0,0
609,8,40,0,1,0,0,0
610,9,45,0,1,0,0,0
611,10,55,0,1,0,0,0
612,11,55,0,1,0,0,0
613,12,55,0,1,0,0,0
614,13,55,0,1,0,0,0
615,14,55,0,1,0,0,0
616,15,55,0,1,0,0,0
617,16,44,0,1,0,0,0
618,17,32,0,1,0,0,0
619,18,30,0,1,0,0,0
620,19,22,0,1,0,0,0
621,20,20,0,1,0,0,0
622,21,10,0,1,0,0,0
623,22,3,0,1,0,0,0
624,23,3,0,1,0,0,0
625,0,3,1,0,0,0,0
626,1,3,1,0,0,0,0
627,2,3,1,0,0,0,0
628,3,3,1,0,0,0,0
629,4,3,1,0,0,0,0
630,5,3,1,0,0,0,0
631,6,20,1,0,0,0,0
632,7,40,1,0,0,0,0
633,8,88,1,0,0,0,0
634,9,90,1,0,0,0,0
635,10,100,1,0,0,0,0
636,11,100,1,0,0,0,0
637,12,100,1,0,0,0,0
638,13,100,1,0,0,0,0
639,14,100,1,0,0,0,0
640,15,97,1,0,0,0,0
641,16,95,1,0,0,0,0
642,17,94,1,0,0,0,0
643,18,86,1,0,0,0,0
644,19,72,1,0,0,0,0
645,20,70,1,0,0,0,0
646,21,63,1,0,0,0,0
647,22,20,1,0,0,0,0
648,23,5,1,0,0,0,0
649,0,5,1,0,0,0,0
650,1,5,1,0,0,0,0
651,2,5,1,0,0,0,0
652,3,5,1,0,0,0,0
653,4,5,1,0,0,0,0
654,5,5,1,0,0,0,0
655,6,20,1,0,0,0,0
656,7,30,1,0,0,0,0
657,8,70,1,0,0,0,0
658,9,90,1,0,0,0,0
659,10,100,1,0,0,0,0
660,11,100,1,0,0,0,0
661,12,100,1,0,0,0,0
662,13,100,1,0,0,0,0
663,14,100,1,0,0,0,0
664,15,100,1,0,0,0,0
665,16,95,1,0,0,0,0
666,17,92,1,0,0,0,0
667,18,86,1,0,0,0,0
668,19,70,1,0,0,0,0
669,20,40,1,0,0,0,0
670,21,20,1,0,0,0,0
671,22,3,1,0,0,0,0
672,23,3,1,0,0,0,0
673,0,3,1,0,0,0,0
674,1,3,1,0,0,0,0
675,2,3,1,0,0,0,0
676,3,3,1,0,0,0,0
677,4,3,1,0,0,0,0
678,5,3,1,0,0,0,0
679,6,20,1,0,0,0,0
680,7,40,1,0,0,0,0
681,8,70,1,0,0,0,0
682,9,90,1,0,0,0,0
683,10,100,1,0,0,0,0
684,11,100,1,0,0,0,0
685,12,100,1,0,0,0,0
686,13,100,1,0,0,0,0
687,14,100,1,0,0,0,0
688,15,98,1,0,0,0,0
689,16,97,1,0,0,0,0
690,17,95,1,0,0,0,0
691,18,90,1,0,0,0,0
692,19,80,1,0,0,0,0
693,20,70,1,0,0,0,0
694,21,50,1,0,0,0,0
695,22,20,1,0,0,0,0
696,23,2,1,0,0,0,0
697,0,5,1,0,0,0,0
698,1,5,1,0,0,0,0
699,2,5,1,0,0,0,0
700,3,5,1,0,0,0,0
701,4,5,1,0,0,0,0
702,5,5,1,0,0,0,0
703,6,30,1,0,0,0,0
704,7,40,1,0,0,0,0
705,8,80,1,0,0,0,0
706,9,90,1,0,0,0,0
707,10,100,1,0,0,0,0
708,11,100,1,0,0,0,0
709,12,100,1,0,0,0,0
710,13,100,1,0,0,0,0
711,14,100,1,0,0,0,0
712,15,100,1,0,0,0,0
713,16,98,1,0,0,0,0
714,17,97,1,0,0,0,0
715,18,92,1,0,0,0,0
716,19,90,1,0,0,0,0
717,20,88,1,0,0,0,0
718,21,70,1,0,0,0,0
719,22,20,1,0,0,0,0
720,23,8,1,0,0,0,0
721,0,3,1,0,0,0,0
722,1,3,1,0,0,0,0
723,2,3,1,0,0,0,0
724,3,3,1,0,0,0,0
725,4,3,1,0,0,0,0
726,5,3,1,0,0,0,0
727,6,22,1,0,0,0,0
728,7,36,1,0,0,0,0
729,8,89,1,0,0,0,0
730,9,91,1,0,0,0,0
731,10,100,1,0,0,0,0
732,11,100,1,0,0,0,0
733,12,100,1,0,0,0,0
734,13,100,1,0,0,0,0
735,14,100,1,0,0,0,0
736,15,96,1,0,0,0,0
737,16,94,1,0,0,0,0
738,17,92,1,0,0,0,0
739,18,86,1,0,0,0,0
740,19,72,1,0,0,0,0
741,20,70,1,0,0,0,0
742,21,63,1,0,0,0,0
743,22,20,1,0,0,0,0
744,23,5,1,0,0,0,0
745,0,5,0,1,0,0,0
746,1,5,0,1,0,0,0
747,2,5,0,1,0,0,0
748,3,5,0,1,0,0,0
749,4,5,0,1,0,0,0
750,5,5,0,1,0,0,0
751,6,20,0,1,0,0,0
752,7,30,0,1,0,0,0
753,8,40,0,1,0,0,0
754,9,50,0,1,0,0,0
755,10,60,0,1,0,0,0
756,11,70,0,1,0,0,0
757,12,80,0,1,0,0,0
758,13,80,0,1,0,0,0
759,14,80,0,1,0,0,0
760,15,80,0,1,0,0,0
761,16,80,0,1,0,0,0
762,17,62,0,1,0,0,0
763,18,40,0,1,0,0,0
764,19,28,0,1,0,0,0
765,20,20,0,1,0,0,0
766,21,10,0,1,0,0,0
767,22,4,0,1,0,0,0
768,23,4,0,1,0,0,0
769,0,4,0,1,0,0,0
770,1,4,0,1,0,0,0
771,2,4,0,1,0,0,0
772,3,4,0,1,0,0,0
773,4,4,0,1,0,0,0
774,5,4,0,1,0,0,0
775,6,10,0,1,0,0,0
776,7,20,0,1,0,0,0
777,8,40,0,1,0,0,0
778,9,45,0,1,0,0,0
779,10,55,0,1,0,0,0
780,11,55,0,1,0,0,0
781,12,55,0,1,0,0,0
782,13,55,0,1,0,0,0
783,14,55,0,1,0,0,0
784,15,55,0,1,0,0,0
785,16,44,0,1,0,0,0
786,17,32,0,1,0,0,0
787,18,30,0,1,0,0,0
788,19,22,0,1,0,0,0
789,20,20,0,1,0,0,0
790,21,10,0,1,0,0,0
791,22,3,0,1,0,0,0
792,23,3,0,1,0,0,0
793,0,3,1,0,0,0,0
794,1,3,1,0,0,0,0
795,2,3,1,0,0,0,0
796,3,3,1,0,0,0,0
797,4,3,1,0,0,0,0
798,5,3,1,0,0,0,0
799,6,20,1,0,0,0,0
800,7,40,1,0,0,0,0
801,8,88,1,0,0,0,0
802,9,90,1,0,0,0,0
803,10,100,1,0,0,0,0
804,11,100,1,0,0,0,0
805,12,100,1,0,0,0,0
806,13,100,1,0,0,0,0
807,14,100,1,0,0,0,0
808,15,97,1,0,0,0,0
809,16,95,1,0,0,0,0
810,17,94,1,0,0,0,0
811,18,86,1,0,0,0,0
812,19,72,1,0,0,0,0
813,20,70,1,0,0,0,0
814,21,63,1,0,0,0,0
815,22,20,1,0,0,0,0
816,23,5,1,0,0,0,0
817,0,5,1,0,0,0,0
818,1,5,1,0,0,0,0
819,2,5,1,0,0,0,0
820,3,5,1,0,0,0,0
821,4,5,1,0,0,0,0
822,5,5,1,0,0,0,0
823,6,20,1,0,0,0,0
824,7,30,1,0,0,0,0
825,8,70,1,0,0,0,0
826,9,90,1,0,0,0,0
827,10,100,1,0,0,0,0
828,11,100,1,0,0,0,0
829,12,100,1,0,0,0,0
830,13,100,1,0,0,0,0
831,14,100,1,0,0,0,0
832,15,100,1,0,0,0,0
833,16,95,1,0,0,0,0
834,17,92,1,0,0,0,0
835,18,86,1,0,0,0,0
836,19,70,1,0,0,0,0
837,20,40,1,0,0,0,0
838,21,20,1,0,0,0,0
839,22,3,1,0,0,0,0
840,23,3,1,0,0,0,0
841,0,3,1,0,0,0,0
842,1,3,1,0,0,0,0
843,2,3,1,0,0,0,0
844,3,3,1,0,0,0,0
845,4,3,1,0,0,0,0
846,5,3,1,0,0,0,0
847,6,20,1,0,0,0,0
848,7,40,1,0,0,0,0
849,8,88,1,0,0,0,0
850,9,90,1,0,0,0,0
851,10,100,1,0,0,0,0
852,11,100,1,0,0,0,0
853,12,100,1,0,0,0,0
854,13,100,1,0,0,0,0
855,14,100,1,0,0,0,0
856,15,97,1,0,0,0,0
857,16,95,1,0,0,0,0
858,17,94,1,0,0,0,0
859,18,86,1,0,0,0,0
860,19,72,1,0,0,0,0
861,20,70,1,0,0,0,0
862,21,63,1,0,0,0,0
863,22,20,1,0,0,0,0
864,23,2,1,0,0,0,0
865,0,2,1,0,0,0,0
866,1,2,1,0,0,0,0
867,2,2,1,0,0,0,0
868,3,2,1,0,0,0,0
869,4,2,1,0,0,0,0
870,5,2,1,0,0,0,0
871,6,20,1,0,0,0,0
872,7,40,1,0,0,0,0
873,8,88,1,0,0,0,0
874,9,90,1,0,0,0,0
875,10,100,1,0,0,0,0
876,11,100,1,0,0,0,0
877,12,100,1,0,0,0,0
878,13,100,1,0,0,0,0
879,14,100,1,0,0,0,0
880,15,97,1,0,0,0,0
881,16,95,1,0,0,0,0
882,17,94,1,0,0,0,0
883,18,86,1,0,0,0,0
884,19,72,1,0,0,0,0
885,20,70,1,0,0,0,0
886,21,63,1,0,0,0,0
887,22,20,1,0,0,0,0
888,23,5,1,0,0,0,0
889,0,5,1,0,0,0,0
890,1,5,1,0,0,0,0
891,2,5,1,0,0,0,0
892,3,5,1,0,0,0,0
893,4,5,1,0,0,0,0
894,5,5,1,0,0,0,0
895,6,20,1,0,0,0,0
896,7,40,1,0,0,0,0
897,8,88,1,0,0,0,0
898,9,90,1,0,0,0,0
899,10,100,1,0,0,0,0
900,11,100,1,0,0,0,0
901,12,100,1,0,0,0,0
902,13,100,1,0,0,0,0
903,14,100,1,0,0,0,0
904,15,97,1,0,0,0,0
905,16,95,1,0,0,0,0
906,17,94,1,0,0,0,0
907,18,86,1,0,0,0,0
908,19,72,1,0,0,0,0
909,20,70,1,0,0,0,0
910,21,63,1,0,0,0,0
911,22,20,1,0,0,0,0
912,23,5,1,0,0,0,0
913,0,5,0,1,0,0,0
914,1,5,0,1,0,0,0
915,2,5,0,1,0,0,0
916,3,5,0,1,0,0,0
917,4,5,0,1,0,0,0
918,5,5,0,1,0,0,0
919,6,20,0,1,0,0,0
920,7,30,0,1,0,0,0
921,8,40,0,1,0,0,0
922,9,50,0,1,0,0,0
923,10,60,0,1,0,0,0
924,11,70,0,1,0,0,0
925,12,80,0,1,0,0,0
926,13,80,0,1,0,0,0
927,14,80,0,1,0,0,0
928,15,80,0,1,0,0,0
929,16,80,0,1,0,0,0
930,17,62,0,1,0,0,0
931,18,40,0,1,0,0,0
932,19,28,0,1,0,0,0
933,20,20,0,1,0,0,0
934,21,10,0,1,0,0,0
935,22,4,0,1,0,0,0
936,23,4,0,1,0,0,0
937,0,4,0,1,0,0,0
938,1,4,0,1,0,0,0
939,2,4,0,1,0,0,0
940,3,4,0,1,0,0,0
941,4,4,0,1,0,0,0
942,5,4,0,1,0,0,0
943,6,10,0,1,0,0,0
944,7,20,0,1,0,0,0
945,8,40,0,1,0,0,0
946,9,45,0,1,0,0,0
947,10,55,0,1,0,0,0
948,11,55,0,1,0,0,0
949,12,55,0,1,0,0,0
950,13,55,0,1,0,0,0
951,14,55,0,1,0,0,0
952,15,55,0,1,0,0,0
953,16,44,0,1,0,0,0
954,17,32,0,1,0,0,0
955,18,30,0,1,0,0,0
956,19,22,0,1,0,0,0
957,20,20,0,1,0,0,0
958,21,10,0,1,0,0,0
959,22,4,0,1,0,0,0
960,23,4,0,1,0,0,0
961,0,4,0,0,1,0,0
962,1,4,0,0,1,0,0
963,2,4,0,0,1,0,0
964,3,4,0,0,1,0,0
965,4,4,0,0,1,0,0
966,5,4,0,0,1,0,0
967,6,15,0,0,1,0,0
968,7,20,0,0,1,0,0
969,8,80,0,0,1,0,0
970,9,90,0,0,1,0,0
971,10,91,0,0,1,0,0
972,11,100,0,0,1,0,0
973,12,100,0,0,1,0,0
974,13,100,0,0,1,0,0
975,14,100,0,0,1,0,0
976,15,98,0,0,1,0,0
977,16,97,0,0,1,0,0
978,17,90,0,0,1,0,0
979,18,82,0,0,1,0,0
980,19,70,0,0,1,0,0
981,20,60,0,0,1,0,0
982,21,30,0,0,1,0,0
983,22,2,0,0,1,0,0
984,23,2,0,0,1,0,0
985,0,5,0,0,1,0,0
986,1,5,0,0,1,0,0
987,2,5,0,0,1,0,0
988,3,5,0,0,1,0,0
989,4,5,0,0,1,0,0
990,5,5,0,0,1,0,0
991,6,20,0,0,1,0,0
992,7,30,0,0,1,0,0
993,8,70,0,0,1,0,0
994,9,90,0,0,1,0,0
995,10,100,0,0,1,0,0
996,11,100,0,0,1,0,0
997,12,100,0,0,1,0,0
998,13,100,0,0,1,0,0
999,14,100,0,0,1,0,0
1000,15,100,0,0,1,0,0
1001,16,95,0,0,1,0,0
1002,17,92,0,0,1,0,0
1003,18,86,0,0,1,0,0
1004,19,70,0,0,1,0,0
1005,20,40,0,0,1,0,0
1006,21,20,0,0,1,0,0
1007,22,3,0,0,1,0,0
1008,23,3,0,0,1,0,0
1009,0,3,0,0,1,0,0
1010,1,3,0,0,1,0,0
1011,2,3,0,0,1,0,0
1012,3,3,0,0,1,0,0
1013,4,3,0,0,1,0,0
1014,5,3,0,0,1,0,0
1015,6,20,0,0,1,0,0
1016,7,40,0,0,1,0,0
1017,8,70,0,0,1,0,0
1018,9,90,0,0,1,0,0
1019,10,100,0,0,1,0,0
1020,11,100,0,0,1,0,0
1021,12,100,0,0,1,0,0
1022,13,100,0,0,1,0,0
1023,14,100,0,0,1,0,0
1024,15,98,0,0,1,0,0
1025,16,97,0,0,1,0,0
1026,17,95,0,0,1,0,0
1027,18,90,0,0,1,0,0
1028,19,80,0,0,1,0,0
1029,20,70,0,0,1,0,0
1030,21,50,0,0,1,0,0
1031,22,20,0,0,1,0,0
1032,23,2,0,0,1,0,0
1033,0,5,0,0,1,0,0
1034,1,5,0,0,1,0,0
1035,2,5,0,0,1,0,0
1036,3,5,0,0,1,0,0
1037,4,5,0,0,1,0,0
1038,5,5,0,0,1,0,0
1039,6,30,0,0,1,0,0
1040,7,40,0,0,1,0,0
1041,8,80,0,0,1,0,0
1042,9,90,0,0,1,0,0
1043,10,100,0,0,1,0,0
1044,11,100,0,0,1,0,0
1045,12,100,0,0,1,0,0
1046,13,100,0,0,1,0,0
1047,14,100,0,0,1,0,0
1048,15,100,0,0,1,0,0
1049,16,98,0,0,1,0,0
1050,17,97,0,0,1,0,0
1051,18,92,0,0,1,0,0
1052,19,90,0,0,1,0,0
1053,20,88,0,0,1,0,0
1054,21,70,0,0,1,0,0
1055,22,20,0,0,1,0,0
1056,23,1,0,0,1,0,0
1057,0,1,0,1,0,0,0
1058,1,1,0,1,0,0,0
1059,2,1,0,1,0,0,0
1060,3,1,0,1,0,0,0
1061,4,1,0,1,0,0,0
1062,5,1,0,1,0,0,0
1063,6,20,0,1,0,0,0
1064,7,30,0,1,0,0,0
1065,8,70,0,1,0,0,0
1066,9,90,0,1,0,0,0
1067,10,100,0,1,0,0,0
1068,11,100,0,1,0,0,0
1069,12,100,0,1,0,0,0
1070,13,100,0,1,0,0,0
1071,14,100,0,1,0,0,0
1072,15,98,0,1,0,0,0
1073,16,96,0,1,0,0,0
1074,17,81,0,1,0,0,0
1075,18,73,0,1,0,0,0
1076,19,60,0,1,0,0,0
1077,20,40,0,1,0,0,0
1078,21,18,0,1,0,0,0
1079,22,3,0,1,0,0,0
1080,23,3,0,1,0,0,0
1081,0,5,0,0,1,0,0
1082,1,5,0,0,1,0,0
1083,2,5,0,0,1,0,0
1084,3,5,0,0,1,0,0
1085,4,5,0,0,1,0,0
1086,5,5,0,0,1,0,0
1087,6,20,0,0,1,0,0
1088,7,30,0,0,1,0,0
1089,8,40,0,0,1,0,0
1090,9,50,0,0,1,0,0
1091,10,60,0,0,1,0,0
1092,11,70,0,0,1,0,0
1093,12,80,0,0,1,0,0
1094,13,80,0,0,1,0,0
1095,14,80,0,0,1,0,0
1096,15,80,0,0,1,0,0
1097,16,80,0,0,1,0,0
1098,17,62,0,0,1,0,0
1099,18,40,0,0,1,0,0
1100,19,28,0,0,1,0,0
1101,20,20,0,0,1,0,0
1102,21,10,0,0,1,0,0
1103,22,4,0,0,1,0,0
1104,23,4,0,0,1,0,0
1105,0,4,0,1,0,0,0
1106,1,4,0,1,0,0,0
1107,2,4,0,1,0,0,0
1108,3,4,0,1,0,0,0
1109,4,4,0,1,0,0,0
1110,5,4,0,1,0,0,0
1111,6,10,0,1,0,0,0
1112,7,20,0,1,0,0,0
1113,8,40,0,1,0,0,0
1114,9,45,0,1,0,0,0
1115,10,55,0,1,0,0,0
1116,11,55,0,1,0,0,0
1117,12,55,0,1,0,0,0
1118,13,55,0,1,0,0,0
1119,14,55,0,1,0,0,0
1120,15,55,0,1,0,0,0
1121,16,44,0,1,0,0,0
1122,17,32,0,1,0,0,0
1123,18,30,0,1,0,0,0
1124,19,22,0,1,0,0,0
1125,20,20,0,1,0,0,0
1126,21,10,0,1,0,0,0
1127,22,4,0,1,0,0,0
1128,23,4,0,1,0,0,0
1129,1,4,1,0,0,0,0
1130,2,4,1,0,0,0,0
1131,3,4,1,0,0,0,0
1132,4,4,1,0,0,0,0
1133,5,4,1,0,0,0,0
1134,6,4,1,0,0,0,0
1135,7,15,1,0,0,0,0
1136,8,20,1,0,0,0,0
1137,9,80,1,0,0,0,0
1138,10,90,1,0,0,0,0
1139,11,91,1,0,0,0,0
1140,12,100,1,0,0,0,0
1141,13,100,1,0,0,0,0
1142,14,100,1,0,0,0,0
1143,15,100,1,0,0,0,0
1144,16,98,1,0,0,0,0
1145,17,97,1,0,0,0,0
1146,18,90,1,0,0,0,0
1147,19,82,1,0,0,0,0
1148,20,70,1,0,0,0,0
1149,21,60,1,0,0,0,0
1150,22,30,1,0,0,0,0
1151,23,2,1,0,0,0,0
1152,0,2,1,0,0,0,0
1153,1,2,1,0,0,0,0
1154,2,2,1,0,0,0,0
1155,3,2,1,0,0,0,0
1156,4,2,1,0,0,0,0
1157,5,2,1,0,0,0,0
1158,6,30,1,0,0,0,0
1159,7,40,1,0,0,0,0
1160,8,70,1,0,0,0,0
1161,9,90,1,0,0,0,0
1162,10,100,1,0,0,0,0
1163,11,100,1,0,0,0,0
1164,12,100,1,0,0,0,0
1165,13,100,1,0,0,0,0
1166,14,100,1,0,0,0,0
1167,15,97,1,0,0,0,0
1168,16,91,1,0,0,0,0
1169,17,89,1,0,0,0,0
1170,18,89,1,0,0,0,0
1171,19,87,1,0,0,0,0
1172,20,60,1,0,0,0,0
1173,21,40,1,0,0,0,0
1174,22,20,1,0,0,0,0
1175,23,4,1,0,0,0,0
1176,0,3,1,0,0,0,0
1177,1,3,1,0,0,0,0
1178,2,3,1,0,0,0,0
1179,3,3,1,0,0,0,0
1180,4,3,1,0,0,0,0
1181,5,3,1,0,0,0,0
1182,6,20,1,0,0,0,0
1183,7,40,1,0,0,0,0
1184,8,70,1,0,0,0,0
1185,9,90,1,0,0,0,0
1186,10,100,1,0,0,0,0
1187,11,100,1,0,0,0,0
1188,12,100,1,0,0,0,0
1189,13,100,1,0,0,0,0
1190,14,100,1,0,0,0,0
1191,15,98,1,0,0,0,0
1192,16,97,1,0,0,0,0
1193,17,95,1,0,0,0,0
1194,18,90,1,0,0,0,0
1195,19,80,1,0,0,0,0
1196,20,70,1,0,0,0,0
1197,21,50,1,0,0,0,0
1198,22,20,1,0,0,0,0
1199,23,2,1,0,0,0,0
1200,0,5,1,0,0,0,0
1201,1,5,1,0,0,0,0
1202,2,5,1,0,0,0,0
1203,3,5,1,0,0,0,0
1204,4,5,1,0,0,0,0
1205,5,5,1,0,0,0,0
1206,6,30,1,0,0,0,0
1207,7,40,1,0,0,0,0
1208,8,80,1,0,0,0,0
1209,9,90,1,0,0,0,0
1210,10,100,1,0,0,0,0
1211,11,100,1,0,0,0,0
1212,12,100,1,0,0,0,0
1213,13,100,1,0,0,0,0
1214,14,100,1,0,0,0,0
1215,15,100,1,0,0,0,0
1216,16,98,1,0,0,0,0
1217,17,97,1,0,0,0,0
1218,18,92,1,0,0,0,0
1219,19,90,1,0,0,0,0
1220,20,88,1,0,0,0,0
1221,21,70,1,0,0,0,0
1222,22,20,1,0,0,0,0
1223,23,1,1,0,0,0,0
1224,0,1,1,0,0,0,0
1225,1,1,1,0,0,0,0
1226,2,1,1,0,0,0,0
1227,3,1,1,0,0,0,0
1228,4,1,1,0,0,0,0
1229,5,1,1,0,0,0,0
1230,6,20,1,0,0,0,0
1231,7,30,1,0,0,0,0
1232,8,70,1,0,0,0,0
1233,9,90,1,0,0,0,0
1234,10,100,1,0,0,0,0
1235,11,100,1,0,0,0,0
1236,12,100,1,0,0,0,0
1237,13,100,1,0,0,0,0
1238,14,100,1,0,0,0,0
1239,15,98,1,0,0,0,0
1240,16,96,1,0,0,0,0
1241,17,81,1,0,0,0,0
1242,18,73,1,0,0,0,0
1243,19,60,1,0,0,0,0
1244,20,40,1,0,0,0,0
1245,21,18,1,0,0,0,0
1246,22,3,1,0,0,0,0
1247,23,3,1,0,0,0,0
1248,0,5,0,1,0,0,0
1249,1,5,0,1,0,0,0
1250,2,5,0,1,0,0,0
1251,3,5,0,1,0,0,0
1252,4,5,0,1,0,0,0
1253,5,5,0,1,0,0,0
1254,6,20,0,1,0,0,0
1255,7,30,0,1,0,0,0
1256,8,40,0,1,0,0,0
1257,9,50,0,1,0,0,0
1258,10,60,0,1,0,0,0
1259,11,70,0,1,0,0,0
1260,12,80,0,1,0,0,0
1261,13,80,0,1,0,0,0
1262,14,80,0,1,0,0,0
1263,15,80,0,1,0,0,0
1264,16,80,0,1,0,0,0
1265,17,62,0,1,0,0,0
1266,18,40,0,1,0,0,0
1267,19,28,0,1,0,0,0
1268,20,20,0,1,0,0,0
1269,21,10,0,1,0,0,0
1270,22,4,0,1,0,0,0
1271,23,4,0,1,0,0,0
1272,0,4,0,1,0,0,0
1273,1,4,0,1,0,0,0
1274,2,4,0,1,0,0,0
1275,3,4,0,1,0,0,0
1276,4,4,0,1,0,0,0
1277,5,4,0,1,0,0,0
1278,6,10,0,1,0,0,0
1279,7,20,0,1,0,0,0
1280,8,40,0,1,0,0,0
1281,9,45,0,1,0,0,0
1282,10,55,0,1,0,0,0
1283,11,55,0,1,0,0,0
1284,12,55,0,1,0,0,0
1285,13,55,0,1,0,0,0
1286,14,55,0,1,0,0,0
1287,15,55,0,1,0,0,0
1288,16,44,0,1,0,0,0
1289,17,32,0,1,0,0,0
1290,18,30,0,1,0,0,0
1291,19,22,0,1,0,0,0
1292,20,20,0,1,0,0,0
1293,21,10,0,1,0,0,0
1294,22,4,0,1,0,0,0
1295,23,4,0,1,0,0,0
1296,0,4,1,0,0,0,0
1297,1,4,1,0,0,0,0
1298,2,4,1,0,0,0,0
1299,3,4,1,0,0,0,0
1300,4,4,1,0,0,0,0
1301,5,4,1,0,0,0,0
1302,6,15,1,0,0,0,0
1303,7,20,1,0,0,0,0
1304,8,80,1,0,0,0,0
1305,9,90,1,0,0,0,0
1306,10,91,1,0,0,0,0
1307,11,100,1,0,0,0,0
1308,12,100,1,0,0,0,0
1309,13,100,1,0,0,0,0
1310,14,100,1,0,0,0,0
1311,15,98,1,0,0,0,0
1312,16,97,1,0,0,0,0
1313,17,90,1,0,0,0,0
1314,18,82,1,0,0,0,0
1315,19,70,1,0,0,0,0
1316,20,60,1,0,0,0,0
1317,21,30,1,0,0,0,0
1318,22,2,1,0,0,0,0
1319,23,2,1,0,0,0,0
1320,0,2,1,0,0,0,0
1321,1,2,1,0,0,0,0
1322,2,2,1,0,0,0,0
1323,3,2,1,0,0,0,0
1324,4,2,1,0,0,0,0
1325,5,2,1,0,0,0,0
1326,6,30,1,0,0,0,0
1327,7,40,1,0,0,0,0
1328,8,81,1,0,0,0,0
1329,9,91,1,0,0,0,0
1330,10,100,1,0,0,0,0
1331,11,100,1,0,0,0,0
1332,12,100,1,0,0,0,0
1333,13,100,1,0,0,0,0
1334,14,100,1,0,0,0,0
1335,15,97,1,0,0,0,0
1336,16,95,1,0,0,0,0
1337,17,88,1,0,0,0,0
1338,18,87,1,0,0,0,0
1339,19,72,1,0,0,0,0
1340,20,72,1,0,0,0,0
1341,21,70,1,0,0,0,0
1342,22,67,1,0,0,0,0
1343,23,65,1,0,0,0,0
1344,0,65,1,0,0,0,0
1345,1,62,1,0,0,0,0
1346,2,60,1,0,0,0,0
1347,3,2,1,0,0,0,0
1348,4,2,1,0,0,0,0
1349,5,2,1,0,0,0,0
1350,6,18,1,0,0,0,0
1351,7,26,1,0,0,0,0
1352,8,68,1,0,0,0,0
1353,9,86,1,0,0,0,0
1354,10,100,1,0,0,0,0
1355,11,100,1,0,0,0,0
1356,12,100,1,0,0,0,0
1357,13,100,1,0,0,0,0
1358,14,100,1,0,0,0,0
1359,15,100,1,0,0,0,0
1360,16,97,1,0,0,0,0
1361,17,90,1,0,0,0,0
1362,18,83,1,0,0,0,0
1363,19,80,1,0,0,0,0
1364,20,70,1,0,0,0,0
1365,21,62,1,0,0,0,0
1366,22,62,1,0,0,0,0
1367,23,62,1,0,0,0,0
1368,0,62,1,0,0,0,0
1369,1,2,1,0,0,0,0
1370,2,2,1,0,0,0,0
1371,3,2,1,0,0,0,0
1372,4,2,1,0,0,0,0
1373,5,2,1,0,0,0,0
1374,6,17,1,0,0,0,0
1375,7,30,1,0,0,0,0
1376,8,60,1,0,0,0,0
1377,9,88,1,0,0,0,0
1378,10,100,1,0,0,0,0
1379,11,100,1,0,0,0,0
1380,12,100,1,0,0,0,0
1381,13,100,1,0,0,0,0
1382,14,100,1,0,0,0,0
1383,15,100,1,0,0,0,0
1384,16,96,1,0,0,0,0
1385,17,88,1,0,0,0,0
1386,18,86,1,0,0,0,0
1387,19,82,1,0,0,0,0
1388,20,79,1,0,0,0,0
1389,21,64,1,0,0,0,0
1390,22,30,1,0,0,0,0
1391,23,7,1,0,0,0,0
1392,0,7,1,0,0,0,0
1393,1,7,1,0,0,0,0
1394,2,7,1,0,0,0,0
1395,3,7,1,0,0,0,0
1396,4,7,1,0,0,0,0
1397,5,7,1,0,0,0,0
1398,6,30,1,0,0,0,0
1399,7,60,1,0,0,0,0
1400,8,72,1,0,0,0,0
1401,9,90,1,0,0,0,0
1402,10,100,1,0,0,0,0
1403,11,100,1,0,0,0,0
1404,12,100,1,0,0,0,0
1405,13,96,1,0,0,0,0
1406,14,87,1,0,0,0,0
1407,15,85,1,0,0,0,0
1408,16,85,1,0,0,0,0
1409,17,80,1,0,0,0,0
1410,18,60,1,0,0,0,0
1411,19,50,1,0,0,0,0
1412,20,40,1,0,0,0,0
1413,21,20,1,0,0,0,0
1414,22,2,1,0,0,0,0
1415,23,2,1,0,0,0,0
1416,0,2,0,1,0,0,0
1417,1,2,0,1,0,0,0
1418,2,2,0,1,0,0,0
1419,3,2,0,1,0,0,0
1420,4,2,0,1,0,0,0
1421,5,20,0,1,0,0,0
1422,6,30,0,1,0,0,0
1423,7,40,0,1,0,0,0
1424,8,50,0,1,0,0,0
1425,9,60,0,1,0,0,0
1426,10,70,0,1,0,0,0
1427,11,80,0,1,0,0,0
1428,12,80,0,1,0,0,0
1429,13,80,0,1,0,0,0
1430,14,80,0,1,0,0,0
1431,15,80,0,1,0,0,0
1432,16,62,0,1,0,0,0
1433,17,40,0,1,0,0,0
1434,18,28,0,1,0,0,0
1435,19,20,0,1,0,0,0
1436,20,10,0,1,0,0,0
1437,21,4,0,1,0,0,0
1438,22,4,0,1,0,0,0
1439,23,4,0,1,0,0,0
1440,0,4,0,1,0,0,0
1441,1,4,0,1,0,0,0
1442,2,4,0,1,0,0,0
1443,3,4,0,1,0,0,0
1444,4,4,0,1,0,0,0
1445,5,10,0,1,0,0,0
1446,6,20,0,1,0,0,0
1447,7,40,0,1,0,0,0
1448,8,45,0,1,0,0,0
1449,9,55,0,1,0,0,0
1450,10,55,0,1,0,0,0
1451,11,55,0,1,0,0,0
1452,12,55,0,1,0,0,0
1453,13,55,0,1,0,0,0
1454,14,55,0,1,0,0,0
1455,15,44,0,1,0,0,0
1456,16,32,0,1,0,0,0
1457,17,30,0,1,0,0,0
1458,18,22,0,1,0,0,0
1459,19,20,0,1,0,0,0
1460,20,10,0,1,0,0,0
1461,21,3,0,1,0,0,0
1462,22,3,0,1,0,0,0
1463,23,3,0,1,0,0,0
1464,0,3,1,0,0,0,0
1465,1,3,1,0,0,0,0
1466,2,3,1,0,0,0,0
1467,3,3,1,0,0,0,0
1468,4,3,1,0,0,0,0
1469,5,3,1,0,0,0,0
1470,6,20,1,0,0,0,0
1471,7,40,1,0,0,0,0
1472,8,88,1,0,0,0,0
1473,9,90,1,0,0,0,0
1474,10,100,1,0,0,0,0
1475,11,100,1,0,0,0,0
1476,12,100,1,0,0,0,0
1477,13,100,1,0,0,0,0
1478,14,100,1,0,0,0,0
1479,15,97,1,0,0,0,0
1480,16,95,1,0,0,0,0
1481,17,94,1,0,0,0,0
1482,18,88,1,0,0,0,0
1483,19,60,1,0,0,0,0
1484,20,30,1,0,0,0,0
1485,21,2,1,0,0,0,0
1486,22,2,1,0,0,0,0
1487,23,5,1,0,0,0,0
1488,0,5,1,0,0,0,0
1489,1,5,1,0,0,0,0
1490,2,5,1,0,0,0,0
1491,3,5,1,0,0,0,0
1492,4,5,1,0,0,0,0
1493,5,20,1,0,0,0,0
1494,6,30,1,0,0,0,0
1495,7,70,1,0,0,0,0
1496,8,90,1,0,0,0,0
1497,9,100,1,0,0,0,0
1498,10,100,1,0,0,0,0
1499,11,100,1,0,0,0,0
1500,12,100,1,0,0,0,0
1501,13,100,1,0,0,0,0
1502,14,100,1,0,0,0,0
1503,15,97,1,0,0,0,0
1504,16,96,1,0,0,0,0
1505,17,94,1,0,0,0,0
1506,18,93,1,0,0,0,0
1507,19,93,1,0,0,0,0
1508,20,91,1,0,0,0,0
1509,21,80,1,0,0,0,0
1510,22,10,1,0,0,0,0
1511,23,2,1,0,0,0,0
1512,0,2,1,0,0,0,0
1513,1,2,1,0,0,0,0
1514,2,2,1,0,0,0,0
1515,3,2,1,0,0,0,0
1516,4,2,1,0,0,0,0
1517,5,2,1,0,0,0,0
1518,6,2,1,0,0,0,0
1519,7,20,1,0,0,0,0
1520,8,40,1,0,0,0,0
1521,9,88,1,0,0,0,0
1522,10,90,1,0,0,0,0
1523,11,100,1,0,0,0,0
1524,12,100,1,0,0,0,0
1525,13,100,1,0,0,0,0
1526,14,100,1,0,0,0,0
1527,15,100,1,0,0,0,0
1528,16,97,1,0,0,0,0
1529,17,95,1,0,0,0,0
1530,18,94,1,0,0,0,0
1531,19,86,1,0,0,0,0
1532,20,72,1,0,0,0,0
1533,21,70,1,0,0,0,0
1534,22,63,1,0,0,0,0
1535,23,20,1,0,0,0,0
1536,0,5,1,0,0,0,0
1537,1,5,1,0,0,0,0
1538,2,5,1,0,0,0,0
1539,3,5,1,0,0,0,0
1540,4,5,1,0,0,0,0
1541,5,5,1,0,0,0,0
1542,6,5,1,0,0,0,0
1543,7,30,1,0,0,0,0
1544,8,40,1,0,0,0,0
1545,9,80,1,0,0,0,0
1546,10,90,1,0,0,0,0
1547,11,100,1,0,0,0,0
1548,12,100,1,0,0,0,0
1549,13,100,1,0,0,0,0
1550,14,100,1,0,0,0,0
1551,15,100,1,0,0,0,0
1552,16,100,1,0,0,0,0
1553,17,98,1,0,0,0,0
1554,18,97,1,0,0,0,0
1555,19,92,1,0,0,0,0
1556,20,90,1,0,0,0,0
1557,21,88,1,0,0,0,0
1558,22,70,1,0,0,0,0
1559,23,20,1,0,0,0,0
1560,0,8,1,0,0,0,0
1561,1,3,1,0,0,0,0
1562,2,3,1,0,0,0,0
1563,3,3,1,0,0,0,0
1564,4,3,1,0,0,0,0
1565,5,3,1,0,0,0,0
1566,6,3,1,0,0,0,0
1567,7,22,1,0,0,0,0
1568,8,36,1,0,0,0,0
1569,9,89,1,0,0,0,0
1570,10,91,1,0,0,0,0
1571,11,100,1,0,0,0,0
1572,12,100,1,0,0,0,0
1573,13,100,1,0,0,0,0
1574,14,100,1,0,0,0,0
1575,15,100,1,0,0,0,0
1576,16,96,1,0,0,0,0
1577,17,94,1,0,0,0,0
1578,18,92,1,0,0,0,0
1579,19,86,1,0,0,0,0
1580,20,72,1,0,0,0,0
1581,21,70,1,0,0,0,0
1582,22,63,1,0,0,0,0
1583,23,20,1,0,0,0,0
1584,0,5,0,1,0,0,0
1585,1,5,0,1,0,0,0
1586,2,5,0,1,0,0,0
1587,3,5,0,1,0,0,0
1588,4,5,0,1,0,0,0
1589,5,5,0,1,0,0,0
1590,6,5,0,1,0,0,0
1591,7,20,0,1,0,0,0
1592,8,30,0,1,0,0,0
1593,9,40,0,1,0,0,0
1594,10,50,0,1,0,0,0
1595,11,60,0,1,0,0,0
1596,12,55,0,1,0,0,0
1597,13,55,0,1,0,0,0
1598,14,55,0,1,0,0,0
1599,15,55,0,1,0,0,0
1600,16,55,0,1,0,0,0
1601,17,50,0,1,0,0,0
1602,18,40,0,1,0,0,0
1603,19,28,0,1,0,0,0
1604,20,20,0,1,0,0,0
1605,21,10,0,1,0,0,0
1606,22,4,0,1,0,0,0
1607,23,4,0,1,0,0,0
1608,0,4,0,1,0,0,0
1609,1,4,0,1,0,0,0
1610,2,4,0,1,0,0,0
1611,3,4,0,1,0,0,0
1612,4,4,0,1,0,0,0
1613,5,4,0,1,0,0,0
1614,6,10,0,1,0,0,0
1615,7,20,0,1,0,0,0
1616,8,40,0,1,0,0,0
1617,9,45,0,1,0,0,0
1618,10,55,0,1,0,0,0
1619,11,55,0,1,0,0,0
1620,12,55,0,1,0,0,0
1621,13,55,0,1,0,0,0
1622,14,55,0,1,0,0,0
1623,15,55,0,1,0,0,0
1624,16,44,0,1,0,0,0
1625,17,32,0,1,0,0,0
1626,18,30,0,1,0,0,0
1627,19,22,0,1,0,0,0
1628,20,20,0,1,0,0,0
1629,21,10,0,1,0,0,0
1630,22,4,0,1,0,0,0
1631,23,4,0,1,0,0,0
1632,0,4,1,0,0,0,0
1633,1,4,1,0,0,0,0
1634,2,4,1,0,0,0,0
1635,3,4,1,0,0,0,0
1636,4,4,1,0,0,0,0
1637,5,4,1,0,0,0,0
1638,6,15,1,0,0,0,0
1639,7,20,1,0,0,0,0
1640,8,80,1,0,0,0,0
1641,9,90,1,0,0,0,0
1642,10,91,1,0,0,0,0
1643,11,100,1,0,0,0,0
1644,12,100,1,0,0,0,0
1645,13,100,1,0,0,0,0
1646,14,100,1,0,0,0,0
1647,15,98,1,0,0,0,0
1648,16,97,1,0,0,0,0
1649,17,95,1,0,0,0,0
1650,18,91,1,0,0,0,0
1651,19,30,1,0,0,0,0
1652,20,2,1,0,0,0,0
1653,21,2,1,0,0,0,0
1654,22,5,1,0,0,0,0
1655,23,5,1,0,0,0,0
1656,0,5,1,0,0,0,0
1657,1,5,1,0,0,0,0
1658,2,5,1,0,0,0,0
1659,3,5,1,0,0,0,0
1660,4,20,1,0,0,0,0
1661,5,30,1,0,0,0,0
1662,6,70,1,0,0,0,0
1663,7,90,1,0,0,0,0
1664,8,100,1,0,0,0,0
1665,9,100,1,0,0,0,0
1666,10,100,1,0,0,0,0
1667,11,100,1,0,0,0,0
1668,12,100,1,0,0,0,0
1669,13,100,1,0,0,0,0
1670,14,97,1,0,0,0,0
1671,15,96,1,0,0,0,0
1672,16,94,1,0,0,0,0
1673,17,86,1,0,0,0,0
1674,18,84,1,0,0,0,0
1675,19,80,1,0,0,0,0
1676,20,70,1,0,0,0,0
1677,21,20,1,0,0,0,0
1678,22,4,1,0,0,0,0
1679,23,4,1,0,0,0,0
1680,0,4,1,0,0,0,0
1681,1,4,1,0,0,0,0
1682,2,4,1,0,0,0,0
1683,3,4,1,0,0,0,0
1684,4,4,1,0,0,0,0
1685,5,4,1,0,0,0,0
1686,6,18,1,0,0,0,0
1687,7,26,1,0,0,0,0
1688,8,68,1,0,0,0,0
1689,9,86,1,0,0,0,0
1690,10,100,1,0,0,0,0
1691,11,100,1,0,0,0,0
1692,12,100,1,0,0,0,0
1693,13,100,1,0,0,0,0
1694,14,100,1,0,0,0,0
1695,15,100,1,0,0,0,0
1696,16,97,1,0,0,0,0
1697,17,90,1,0,0,0,0
1698,18,83,1,0,0,0,0
1699,19,80,1,0,0,0,0
1700,20,70,1,0,0,0,0
1701,21,62,1,0,0,0,0
1702,22,62,1,0,0,0,0
1703,23,62,1,0,0,0,0
1704,0,62,1,0,0,0,0
1705,1,2,1,0,0,0,0
1706,2,2,1,0,0,0,0
1707,3,2,1,0,0,0,0
1708,4,2,1,0,0,0,0
1709,5,2,1,0,0,0,0
1710,6,17,1,0,0,0,0
1711,7,30,1,0,0,0,0
1712,8,60,1,0,0,0,0
1713,9,88,1,0,0,0,0
1714,10,100,1,0,0,0,0
1715,11,100,1,0,0,0,0
1716,12,100,1,0,0,0,0
1717,13,100,1,0,0,0,0
1718,14,100,1,0,0,0,0
1719,15,100,1,0,0,0,0
1720,16,90,1,0,0,0,0
1721,17,86,1,0,0,0,0
1722,18,79,1,0,0,0,0
1723,19,70,1,0,0,0,0
1724,20,62,1,0,0,0,0
1725,21,60,1,0,0,0,0
1726,22,40,1,0,0,0,0
1727,23,32,1,0,0,0,0
1728,0,30,0,1,0,0,0
1729,1,5,0,1,0,0,0
1730,2,5,0,1,0,0,0
1731,3,5,0,1,0,0,0
1732,4,5,0,1,0,0,0
1733,5,5,0,1,0,0,0
1734,6,20,0,1,0,0,0
1735,7,40,0,1,0,0,0
1736,8,80,0,1,0,0,0
1737,9,90,0,1,0,0,0
1738,10,100,0,1,0,0,0
1739,11,100,0,1,0,0,0
1740,12,100,0,1,0,0,0
1741,13,90,0,1,0,0,0
1742,14,85,0,1,0,0,0
1743,15,75,0,1,0,0,0
1744,16,66,0,1,0,0,0
1745,17,60,0,1,0,0,0
1746,18,46,0,1,0,0,0
1747,19,40,0,1,0,0,0
1748,20,30,0,1,0,0,0
1749,21,20,0,1,0,0,0
1750,22,2,0,1,0,0,0
1751,23,2,0,1,0,0,0
1752,0,2,0,1,0,0,0
1753,1,2,0,1,0,0,0
1754,2,2,0,1,0,0,0
1755,3,2,0,1,0,0,0
1756,4,2,0,1,0,0,0
1757,5,2,0,1,0,0,0
1758,6,10,0,1,0,0,0
1759,7,20,0,1,0,0,0
1760,8,36,0,1,0,0,0
1761,9,48,0,1,0,0,0
1762,10,60,0,1,0,0,0
1763,11,80,0,1,0,0,0
1764,12,82,0,1,0,0,0
1765,13,90,0,1,0,0,0
1766,14,75,0,1,0,0,0
1767,15,70,0,1,0,0,0
1768,16,55,0,1,0,0,0
1769,17,50,0,1,0,0,0
1770,18,40,0,1,0,0,0
1771,19,30,0,1,0,0,0
1772,20,20,0,1,0,0,0
1773,21,2,0,1,0,0,0
1774,22,2,0,1,0,0,0
1775,23,2,0,1,0,0,0
1776,0,2,0,1,0,0,0
1777,1,2,0,1,0,0,0
1778,2,2,0,1,0,0,0
1779,3,2,0,1,0,0,0
1780,4,2,0,1,0,0,0
1781,5,2,0,1,0,0,0
1782,6,10,0,1,0,0,0
1783,7,20,0,1,0,0,0
1784,8,30,0,1,0,0,0
1785,9,35,0,1,0,0,0
1786,10,55,0,1,0,0,0
1787,11,65,0,1,0,0,0
1788,12,55,0,1,0,0,0
1789,13,50,0,1,0,0,0
1790,14,46,0,1,0,0,0
1791,15,44,0,1,0,0,0
1792,16,40,0,1,0,0,0
1793,17,36,0,1,0,0,0
1794,18,32,0,1,0,0,0
1795,19,21,0,1,0,0,0
1796,20,20,0,1,0,0,0
1797,21,2,0,1,0,0,0
1798,22,2,0,1,0,0,0
1799,23,2,0,1,0,0,0
1800,0,2,0,1,0,0,0
1801,1,2,0,1,0,0,0
1802,2,2,0,1,0,0,0
1803,3,2,0,1,0,0,0
1804,4,2,0,1,0,0,0
1805,5,2,0,1,0,0,0
1806,6,20,0,1,0,0,0
1807,7,30,0,1,0,0,0
1808,8,35,0,1,0,0,0
1809,9,25,0,1,0,0,0
1810,10,45,0,1,0,0,0
1811,11,50,0,1,0,0,0
1812,12,65,0,1,0,0,0
1813,13,65,0,1,0,0,0
1814,14,65,0,1,0,0,0
1815,15,65,0,1,0,0,0
1816,16,60,0,1,0,0,0
1817,17,40,0,1,0,0,0
1818,18,35,0,1,0,0,0
1819,19,30,0,1,0,0,0
1820,20,20,0,1,0,0,0
1821,21,1,0,1,0,0,0
1822,22,1,0,1,0,0,0
1823,23,1,0,1,0,0,0
1824,0,5,1,0,0,0,0
1825,1,5,1,0,0,0,0
1826,2,5,1,0,0,0,0
1827,3,5,1,0,0,0,0
1828,4,5,1,0,0,0,0
1829,5,5,1,0,0,0,0
1830,6,20,1,0,0,0,0
1831,7,30,1,0,0,0,0
1832,8,70,1,0,0,0,0
1833,9,90,1,0,0,0,0
1834,10,100,1,0,0,0,0
1835,11,100,1,0,0,0,0
1836,12,100,1,0,0,0,0
1837,13,100,1,0,0,0,0
1838,14,100,1,0,0,0,0
1839,15,100,1,0,0,0,0
1840,16,95,1,0,0,0,0
1841,17,92,1,0,0,0,0
1842,18,86,1,0,0,0,0
1843,19,70,1,0,0,0,0
1844,20,40,1,0,0,0,0
1845,21,20,1,0,0,0,0
1846,22,3,1,0,0,0,0
1847,23,3,1,0,0,0,0
1848,0,3,1,0,0,0,0
1849,1,3,1,0,0,0,0
1850,2,3,1,0,0,0,0
1851,3,3,1,0,0,0,0
1852,4,3,1,0,0,0,0
1853,5,3,1,0,0,0,0
1854,6,20,1,0,0,0,0
1855,7,40,1,0,0,0,0
1856,8,70,1,0,0,0,0
1857,9,90,1,0,0,0,0
1858,10,100,1,0,0,0,0
1859,11,100,1,0,0,0,0
1860,12,100,1,0,0,0,0
1861,13,100,1,0,0,0,0
1862,14,100,1,0,0,0,0
1863,15,98,1,0,0,0,0
1864,16,97,1,0,0,0,0
1865,17,95,1,0,0,0,0
1866,18,90,1,0,0,0,0
1867,19,80,1,0,0,0,0
1868,20,70,1,0,0,0,0
1869,21,50,1,0,0,0,0
1870,22,20,1,0,0,0,0
1871,23,2,1,0,0,0,0
1872,1,5,1,0,0,0,0
1873,2,5,1,0,0,0,0
1874,3,5,1,0,0,0,0
1875,4,5,1,0,0,0,0
1876,5,5,1,0,0,0,0
1877,6,5,1,0,0,0,0
1878,7,30,1,0,0,0,0
1879,8,40,1,0,0,0,0
1880,9,80,1,0,0,0,0
1881,10,90,1,0,0,0,0
1882,11,100,1,0,0,0,0
1883,12,100,1,0,0,0,0
1884,13,100,1,0,0,0,0
1885,14,100,1,0,0,0,0
1886,15,100,1,0,0,0,0
1887,16,100,1,0,0,0,0
1888,17,98,1,0,0,0,0
1889,18,97,1,0,0,0,0
1890,19,92,1,0,0,0,0
1891,20,90,1,0,0,0,0
1892,21,88,1,0,0,0,0
1893,22,70,1,0,0,0,0
1894,23,20,1,0,0,0,0
1895,0,1,1,0,0,0,0
1896,1,1,1,0,0,0,0
1897,2,1,1,0,0,0,0
1898,3,1,1,0,0,0,0
1899,4,1,1,0,0,0,0
1900,5,1,1,0,0,0,0
1901,6,1,1,0,0,0,0
1902,7,20,1,0,0,0,0
1903,8,30,1,0,0,0,0
1904,9,70,1,0,0,0,0
1905,10,90,1,0,0,0,0
1906,11,100,1,0,0,0,0
1907,12,100,1,0,0,0,0
1908,13,100,1,0,0,0,0
1909,14,100,1,0,0,0,0
1910,15,100,1,0,0,0,0
1911,16,98,1,0,0,0,0
1912,17,96,1,0,0,0,0
1913,18,81,1,0,0,0,0
1914,19,73,1,0,0,0,0
1915,20,60,1,0,0,0,0
1916,21,40,1,0,0,0,0
1917,22,18,1,0,0,0,0
1918,23,3,1,0,0,0,0
1919,0,3,0,1,0,0,0
1920,1,5,0,1,0,0,0
1921,2,5,0,1,0,0,0
1922,3,5,0,1,0,0,0
1923,4,5,0,1,0,0,0
1924,5,5,0,1,0,0,0
1925,6,5,0,1,0,0,0
1926,7,20,0,1,0,0,0
1927,8,30,0,1,0,0,0
1928,9,40,0,1,0,0,0
1929,10,50,0,1,0,0,0
1930,11,60,0,1,0,0,0
1931,12,70,0,1,0,0,0
1932,13,80,0,1,0,0,0
1933,14,80,0,1,0,0,0
1934,15,80,0,1,0,0,0
1935,16,80,0,1,0,0,0
1936,17,80,0,1,0,0,0
1937,18,62,0,1,0,0,0
1938,19,40,0,1,0,0,0
1939,20,28,0,1,0,0,0
1940,21,20,0,1,0,0,0
1941,22,10,0,1,0,0,0
1942,23,4,0,1,0,0,0
1943,0,4,0,1,0,0,0
1944,1,4,0,1,0,0,0
1945,2,4,0,1,0,0,0
1946,3,4,0,1,0,0,0
1947,4,4,0,1,0,0,0
1948,5,4,0,1,0,0,0
1949,6,4,0,1,0,0,0
1950,7,10,0,1,0,0,0
1951,8,20,0,1,0,0,0
1952,9,40,0,1,0,0,0
1953,10,45,0,1,0,0,0
1954,11,55,0,1,0,0,0
1955,12,55,0,1,0,0,0
1956,13,55,0,1,0,0,0
1957,14,55,0,1,0,0,0
1958,15,55,0,1,0,0,0
1959,16,55,0,1,0,0,0
1960,17,44,0,1,0,0,0
1961,18,32,0,1,0,0,0
1962,19,30,0,1,0,0,0
1963,20,22,0,1,0,0,0
1964,21,20,0,1,0,0,0
1965,22,10,0,1,0,0,0
1966,23,4,0,1,0,0,0
1967,0,4,0,0,0,1,0
1968,1,4,0,0,0,1,0
1969,2,4,0,0,0,1,0
1970,3,4,0,0,0,1,0
1971,4,4,0,0,0,1,0
1972,5,4,0,0,0,1,0
1973,6,20,0,0,0,1,0
1974,7,30,0,0,0,1,0
1975,8,70,0,0,0,1,0
1976,9,80,0,0,0,1,0
1977,10,100,0,0,0,1,0
1978,11,100,0,0,0,1,0
1979,12,100,0,0,0,1,0
1980,13,100,0,0,0,1,0
1981,14,100,0,0,0,1,0
1982,15,100,0,0,0,1,0
1983,16,98,0,0,0,1,0
1984,17,96,0,0,0,1,0
1985,18,95,0,0,0,1,0
1986,19,93,0,0,0,1,0
1987,20,90,0,0,0,1,0
1988,21,87,0,0,0,1,0
1989,22,85,0,0,0,1,0
1990,23,84,0,0,0,1,0
1991,0,80,0,0,0,1,0
1992,1,75,0,0,0,1,0
1993,2,65,0,0,0,1,0
1994,3,50,0,0,0,1,0
1995,4,30,0,0,0,1,0
1996,5,10,0,0,0,1,0
1997,6,20,0,0,0,1,0
1998,7,40,0,0,0,1,0
1999,8,70,0,0,0,1,0
2000,9,100,0,0,0,1,0
2001,10,100,0,0,0,1,0
2002,11,100,0,0,0,1,0
2003,12,100,0,0,0,1,0
2004,13,100,0,0,0,1,0
2005,14,100,0,0,0,1,0
2006,15,100,0,0,0,1,0
2007,16,97,0,0,0,1,0
2008,17,90,0,0,0,1,0
2009,18,87,0,0,0,1,0
2010,19,80,0,0,0,1,0
2011,20,75,0,0,0,1,0
2012,21,70,0,0,0,1,0
2013,22,65,0,0,0,1,0
2014,23,65,0,0,0,1,0
2015,0,65,0,0,0,1,0
2016,1,60,0,0,0,1,0
2017,2,40,0,0,0,1,0
2018,3,30,0,0,0,1,0
2019,4,10,0,0,0,1,0
2020,5,5,0,0,0,1,0
2021,6,20,0,0,0,1,0
2022,7,40,0,0,0,1,0
2023,8,88,0,0,0,1,0
2024,9,90,0,0,0,1,0
2025,10,100,0,0,0,1,0
2026,11,100,0,0,0,1,0
2027,12,100,0,0,0,1,0
2028,13,100,0,0,0,1,0
2029,14,100,0,0,0,1,0
2030,15,97,0,0,0,1,0
2031,16,95,0,0,0,1,0
2032,17,94,0,0,0,1,0
2033,18,86,0,0,0,1,0
2034,19,72,0,0,0,1,0
2035,20,70,0,0,0,1,0
2036,21,63,0,0,0,1,0
2037,22,20,0,0,0,1,0
2038,23,5,0,0,0,1,0
2039,0,5,0,0,0,1,0
2040,1,5,0,0,0,1,0
2041,2,5,0,0,0,1,0
2042,3,5,0,0,0,1,0
2043,4,5,0,0,0,1,0
2044,5,5,0,0,0,1,0
2045,6,30,0,0,0,1,0
2046,7,40,0,0,0,1,0
2047,8,80,0,0,0,1,0
2048,9,90,0,0,0,1,0
2049,10,100,0,0,0,1,0
2050,11,100,0,0,0,1,0
2051,12,100,0,0,0,1,0
2052,13,100,0,0,0,1,0
2053,14,100,0,0,0,1,0
2054,15,100,0,0,0,1,0
2055,16,98,0,0,0,1,0
2056,17,97,0,0,0,1,0
2057,18,92,0,0,0,1,0
2058,19,90,0,0,0,1,0
2059,20,88,0,0,0,1,0
2060,21,70,0,0,0,1,0
2061,22,20,0,0,0,1,0
2062,23,8,0,0,0,1,0
2063,0,7,0,0,0,1,0
2064,1,7,0,0,0,1,0
2065,2,7,0,0,0,1,0
2066,3,7,0,0,0,1,0
2067,4,7,0,0,0,1,0
2068,5,7,0,0,0,1,0
2069,6,30,0,0,0,1,0
2070,7,60,0,0,0,1,0
2071,8,72,0,0,0,1,0
2072,9,90,0,0,0,1,0
2073,10,100,0,0,0,1,0
2074,11,100,0,0,0,1,0
2075,12,100,0,0,0,1,0
2076,13,96,0,0,0,1,0
2077,14,87,0,0,0,1,0
2078,15,85,0,0,0,1,0
2079,16,85,0,0,0,1,0
2080,17,80,0,0,0,1,0
2081,18,60,0,0,0,1,0
2082,19,50,0,0,0,1,0
2083,20,28,0,0,0,1,0
2084,21,20,0,0,0,1,0
2085,22,2,0,0,0,1,0
2086,23,2,0,0,0,1,0
2087,0,2,0,0,0,1,0
2088,1,2,0,0,0,1,0
2089,2,2,0,0,0,1,0
2090,3,2,0,0,0,1,0
2091,4,2,0,0,0,1,0
2092,5,20,0,0,0,1,0
2093,6,30,0,0,0,1,0
2094,7,40,0,0,0,1,0
2095,8,50,0,0,0,1,0
2096,9,60,0,0,0,1,0
2097,10,70,0,0,0,1,0
2098,11,80,0,0,0,1,0
2099,12,80,0,0,0,1,0
2100,13,80,0,0,0,1,0
2101,14,80,0,0,0,1,0
2102,15,80,0,0,0,1,0
2103,16,62,0,0,0,1,0
2104,17,40,0,0,0,1,0
2105,18,28,0,0,0,1,0
2106,19,20,0,0,0,1,0
2107,20,10,0,0,0,1,0
2108,21,4,0,0,0,1,0
2109,22,4,0,0,0,1,0
2110,23,4,0,0,0,1,0
2111,0,4,0,0,0,1,0
2112,1,4,0,0,0,1,0
2113,2,4,0,0,0,1,0
2114,3,4,0,0,0,1,0
2115,4,4,0,0,0,1,0
2116,5,4,0,0,0,1,0
2117,6,10,0,0,0,1,0
2118,7,20,0,0,0,1,0
2119,8,40,0,0,0,1,0
2120,9,45,0,0,0,1,0
2121,10,55,0,0,0,1,0
2122,11,55,0,0,0,1,0
2123,12,55,0,0,0,1,0
2124,13,55,0,0,0,1,0
2125,14,55,0,0,0,1,0
2126,15,55,0,0,0,1,0
2127,16,44,0,0,0,1,0
2128,17,32,0,0,0,1,0
2129,18,30,0,0,0,1,0
2130,19,22,0,0,0,1,0
2131,20,20,0,0,0,1,0
2132,21,10,0,0,0,1,0
2133,22,3,0,0,0,1,0
2134,23,3,0,0,0,1,0
2135,0,5,0,1,0,0,0
2136,1,5,0,1,0,0,0
2137,2,5,0,1,0,0,0
2138,3,5,0,1,0,0,0
2139,4,5,0,1,0,0,0
2140,5,5,0,1,0,0,0
2141,6,20,0,1,0,0,0
2142,7,30,0,1,0,0,0
2143,8,40,0,1,0,0,0
2144,9,50,0,1,0,0,0
2145,10,60,0,1,0,0,0
2146,11,70,0,1,0,0,0
2147,12,80,0,1,0,0,0
2148,13,80,0,1,0,0,0
2149,14,80,0,1,0,0,0
2150,15,80,0,1,0,0,0
2151,16,80,0,1,0,0,0
2152,17,62,0,1,0,0,0
2153,18,40,0,1,0,0,0
2154,19,28,0,1,0,0,0
2155,20,20,0,1,0,0,0
2156,21,1,0,1,0,0,0
2157,22,1,0,1,0,0,0
2158,23,1,0,1,0,0,0
2159,0,1,0,0,0,1,0
2160,1,1,0,0,0,1,0
2161,2,1,0,0,0,1,0
2162,3,1,0,0,0,1,0
2163,4,1,0,0,0,1,0
2164,5,20,0,0,0,1,0
2165,6,40,0,0,0,1,0
2166,7,80,0,0,0,1,0
2167,8,90,0,0,0,1,0
2168,9,100,0,0,0,1,0
2169,10,100,0,0,0,1,0
2170,11,100,0,0,0,1,0
2171,12,100,0,0,0,1,0
2172,13,100,0,0,0,1,0
2173,14,100,0,0,0,1,0
2174,15,98,0,0,0,1,0
2175,16,95,0,0,0,1,0
2176,17,93,0,0,0,1,0
2177,18,91,0,0,0,1,0
2178,19,90,0,0,0,1,0
2179,20,85,0,0,0,1,0
2180,21,70,0,0,0,1,0
2181,22,65,0,0,0,1,0
2182,23,60,0,0,0,1,0
2183,0,60,0,0,0,1,0
2184,1,60,0,0,0,1,0
2185,2,40,0,0,0,1,0
2186,3,30,0,0,0,1,0
2187,4,10,0,0,0,1,0
2188,5,5,0,0,0,1,0
2189,6,20,0,0,0,1,0
2190,7,40,0,0,0,1,0
2191,8,88,0,0,0,1,0
2192,9,90,0,0,0,1,0
2193,10,100,0,0,0,1,0
2194,11,100,0,0,0,1,0
2195,12,100,0,0,0,1,0
2196,13,100,0,0,0,1,0
2197,14,100,0,0,0,1,0
2198,15,97,0,0,0,1,0
2199,16,95,0,0,0,1,0
2200,17,94,0,0,0,1,0
2201,18,86,0,0,0,1,0
2202,19,72,0,0,0,1,0
2203,20,70,0,0,0,1,0
2204,21,63,0,0,0,1,0
2205,22,20,0,0,0,1,0
2206,23,5,0,0,0,1,0
2207,0,5,0,0,0,1,0
2208,1,5,0,0,0,1,0
2209,2,5,0,0,0,1,0
2210,3,5,0,0,0,1,0
2211,4,5,0,0,0,1,0
2212,5,5,0,0,0,1,0
2213,6,30,0,0,0,1,0
2214,7,40,0,0,0,1,0
2215,8,80,0,0,0,1,0
2216,9,90,0,0,0,1,0
2217,10,100,0,0,0,1,0
2218,11,100,0,0,0,1,0
2219,12,100,0,0,0,1,0
2220,13,100,0,0,0,1,0
2221,14,100,0,0,0,1,0
2222,15,100,0,0,0,1,0
2223,16,98,0,0,0,1,0
2224,17,70,0,0,0,1,0
2225,18,40,0,0,0,1,0
2226,19,7,0,0,0,1,0
2227,20,7,0,0,0,1,0
2228,21,7,0,0,0,1,0
2229,22,7,0,0,0,1,0
2230,23,7,0,0,0,1,0
2231,0,7,0,0,0,1,0
2232,1,7,0,0,0,1,0
2233,2,7,0,0,0,1,0
2234,3,7,0,0,0,1,0
2235,4,7,0,0,0,1,0
2236,5,7,0,0,0,1,0
2237,6,30,0,0,0,1,0
2238,7,60,0,0,0,1,0
2239,8,72,0,0,0,1,0
2240,9,90,0,0,0,1,0
2241,10,100,0,0,0,1,0
2242,11,100,0,0,0,1,0
2243,12,100,0,0,0,1,0
2244,13,96,0,0,0,1,0
2245,14,87,0,0,0,1,0
2246,15,85,0,0,0,1,0
2247,16,85,0,0,0,1,0
2248,17,80,0,0,0,1,0
2249,18,60,0,0,0,1,0
2250,19,50,0,0,0,1,0
2251,20,28,0,0,0,1,0
2252,21,20,0,0,0,1,0
2253,22,2,0,0,0,1,0
2254,23,2,0,0,0,1,0
2255,0,2,0,0,0,1,0
2256,1,2,0,0,0,1,0
2257,2,2,0,0,0,1,0
2258,3,2,0,0,0,1,0
2259,4,2,0,0,0,1,0
2260,5,20,0,0,0,1,0
2261,6,30,0,0,0,1,0
2262,7,40,0,0,0,1,0
2263,8,50,0,0,0,1,0
2264,9,60,0,0,0,1,0
2265,10,70,0,0,0,1,0
2266,11,80,0,0,0,1,0
2267,12,80,0,0,0,1,0
2268,13,80,0,0,0,1,0
2269,14,80,0,0,0,1,0
2270,15,80,0,0,0,1,0
2271,16,75,0,0,0,1,0
2272,17,75,0,0,0,1,0
2273,18,75,0,0,0,1,0
2274,19,72,0,0,0,1,0
2275,20,70,0,0,0,1,0
2276,21,65,0,0,0,1,0
2277,22,62,0,0,0,1,0
2278,23,60,0,0,0,1,0
2279,0,5,0,0,0,1,0
2280,1,5,0,0,0,1,0
2281,2,5,0,0,0,1,0
2282,3,5,0,0,0,1,0
2283,4,5,0,0,0,1,0
2284,5,5,0,0,0,1,0
2285,6,10,0,0,0,1,0
2286,7,20,0,0,0,1,0
2287,8,40,0,0,0,1,0
2288,9,45,0,0,0,1,0
2289,10,55,0,0,0,1,0
2290,11,55,0,0,0,1,0
2291,12,55,0,0,0,1,0
2292,13,55,0,0,0,1,0
2293,14,55,0,0,0,1,0
2294,15,55,0,0,0,1,0
2295,16,44,0,0,0,1,0
2296,17,32,0,0,0,1,0
2297,18,30,0,0,0,1,0
2298,19,22,0,0,0,1,0
2299,20,20,0,0,0,1,0
2300,21,10,0,0,0,1,0
2301,22,3,0,0,0,1,0
2302,23,3,0,0,0,1,0
2303,0,3,0,0,0,0,1
2304,1,3,0,0,0,0,1
2305,2,3,0,0,0,0,1
2306,3,3,0,0,0,0,1
2307,4,3,0,0,0,0,1
2308,5,3,0,0,0,0,1
2309,6,20,0,0,0,0,1
2310,7,40,0,0,0,0,1
2311,8,88,0,0,0,0,1
2312,9,90,0,0,0,0,1
2313,10,100,0,0,0,0,1
2314,11,100,0,0,0,0,1
2315,12,100,0,0,0,0,1
2316,13,100,0,0,0,0,1
2317,14,100,0,0,0,0,1
2318,15,97,0,0,0,0,1
2319,16,95,0,0,0,0,1
2320,17,94,0,0,0,0,1
2321,18,88,0,0,0,0,1
2322,19,60,0,0,0,0,1
2323,20,30,0,0,0,0,1
2324,21,2,0,0,0,0,1
2325,22,2,0,0,0,0,1
2326,23,5,0,0,0,0,1
2327,0,5,0,0,0,0,1
2328,1,5,0,0,0,0,1
2329,2,5,0,0,0,0,1
2330,3,5,0,0,0,0,1
2331,4,5,0,0,0,0,1
2332,5,20,0,0,0,0,1
2333,6,30,0,0,0,0,1
2334,7,70,0,0,0,0,1
2335,8,90,0,0,0,0,1
2336,9,100,0,0,0,0,1
2337,10,100,0,0,0,0,1
2338,11,100,0,0,0,0,1
2339,12,100,0,0,0,0,1
2340,13,100,0,0,0,0,1
2341,14,100,0,0,0,0,1
2342,15,97,0,0,0,0,1
2343,16,96,0,0,0,0,1
2344,17,94,0,0,0,0,1
2345,18,93,0,0,0,0,1
2346,19,93,0,0,0,0,1
2347,20,91,0,0,0,0,1
2348,21,60,0,0,0,0,1
2349,22,40,0,0,0,0,1
2350,23,30,0,0,0,0,1
2351,0,10,0,0,0,0,1
2352,1,2,0,0,0,0,1
2353,2,2,0,0,0,0,1
2354,3,2,0,0,0,0,1
2355,4,2,0,0,0,0,1
2356,5,2,0,0,0,0,1
2357,6,20,0,0,0,0,1
2358,7,40,0,0,0,0,1
2359,8,70,0,0,0,0,1
2360,9,90,0,0,0,0,1
2361,10,100,0,0,0,0,1
2362,11,100,0,0,0,0,1
2363,12,100,0,0,0,0,1
2364,13,100,0,0,0,0,1
2365,14,100,0,0,0,0,1
2366,15,98,0,0,0,0,1
2367,16,97,0,0,0,0,1
2368,17,95,0,0,0,0,1
2369,18,90,0,0,0,0,1
2370,19,80,0,0,0,0,1
2371,20,70,0,0,0,0,1
2372,21,50,0,0,0,0,1
2373,22,20,0,0,0,0,1
2374,23,2,0,0,0,0,1
2375,0,5,0,0,0,0,1
2376,1,5,0,0,0,0,1
2377,2,5,0,0,0,0,1
2378,3,5,0,0,0,0,1
2379,4,5,0,0,0,0,1
2380,5,5,0,0,0,0,1
2381,6,30,0,0,0,0,1
2382,7,40,0,0,0,0,1
2383,8,80,0,0,0,0,1
2384,9,90,0,0,0,0,1
2385,10,100,0,0,0,0,1
2386,11,100,0,0,0,0,1
2387,12,100,0,0,0,0,1
2388,13,98,0,0,0,0,1
2389,14,100,0,0,0,0,1
2390,15,98,0,0,0,0,1
2391,16,97,0,0,0,0,1
2392,17,92,0,0,0,0,1
2393,18,90,0,0,0,0,1
2394,19,88,0,0,0,0,1
2395,20,70,0,0,0,0,1
2396,21,20,0,0,0,0,1
2397,22,8,0,0,0,0,1
2398,23,3,0,0,0,0,1
2399,0,3,0,0,0,0,1
2400,1,3,0,0,0,0,1
2401,2,3,0,0,0,0,1
2402,3,3,0,0,0,0,1
2403,4,3,0,0,0,0,1
2404,5,22,0,0,0,0,1
2405,6,36,0,0,0,0,1
2406,7,89,0,0,0,0,1
2407,8,91,0,0,0,0,1
2408,9,100,0,0,0,0,1
2409,10,100,0,0,0,0,1
2410,11,100,0,0,0,0,1
2411,12,100,0,0,0,0,1
2412,13,100,0,0,0,0,1
2413,14,96,0,0,0,0,1
2414,15,94,0,0,0,0,1
2415,16,92,0,0,0,0,1
2416,17,86,0,0,0,0,1
2417,18,72,0,0,0,0,1
2418,19,70,0,0,0,0,1
2419,20,63,0,0,0,0,1
2420,21,20,0,0,0,0,1
2421,22,5,0,0,0,0,1
2422,23,5,0,0,0,0,1
2423,0,5,0,0,0,0,1
2424,1,5,0,0,0,0,1
2425,2,5,0,0,0,0,1
2426,3,5,0,0,0,0,1
2427,4,5,0,0,0,0,1
2428,5,20,0,0,0,0,1
2429,6,30,0,0,0,0,1
2430,7,40,0,0,0,0,1
2431,8,50,0,0,0,0,1
2432,9,60,0,0,0,0,1
2433,10,70,0,0,0,0,1
2434,11,80,0,0,0,0,1
2435,12,80,0,0,0,0,1
2436,13,80,0,0,0,0,1
2437,14,80,0,0,0,0,1
2438,15,80,0,0,0,0,1
2439,16,62,0,0,0,0,1
2440,17,40,0,0,0,0,1
2441,18,28,0,0,0,0,1
2442,19,20,0,0,0,0,1
2443,20,10,0,0,0,0,1
2444,21,4,0,0,0,0,1
2445,22,4,0,0,0,0,1
2446,23,4,0,0,0,0,1
2447,0,4,0,0,0,0,1
2448,1,4,0,0,0,0,1
2449,2,4,0,0,0,0,1
2450,3,4,0,0,0,0,1
2451,4,4,0,0,0,0,1
2452,5,10,0,0,0,0,1
2453,6,20,0,0,0,0,1
2454,7,40,0,0,0,0,1
2455,8,45,0,0,0,0,1
2456,9,55,0,0,0,0,1
2457,10,55,0,0,0,0,1
2458,11,55,0,0,0,0,1
2459,12,55,0,0,0,0,1
2460,13,55,0,0,0,0,1
2461,14,55,0,0,0,0,1
2462,15,44,0,0,0,0,1
2463,16,32,0,0,0,0,1
2464,17,30,0,0,0,0,1
2465,18,22,0,0,0,0,1
2466,19,20,0,0,0,0,1
2467,20,10,0,0,0,0,1
2468,21,3,0,0,0,0,1
2469,22,3,0,0,0,0,1
2470,23,3,0,0,0,0,1
2471,0,3,0,0,0,0,1
2472,1,3,0,0,0,0,1
2473,2,3,0,0,0,0,1
2474,3,3,0,0,0,0,1
2475,4,3,0,0,0,0,1
2476,5,20,0,0,0,0,1
2477,6,40,0,0,0,0,1
2478,7,88,0,0,0,0,1
2479,8,90,0,0,0,0,1
2480,9,100,0,0,0,0,1
2481,10,100,0,0,0,0,1
2482,11,100,0,0,0,0,1
2483,12,100,0,0,0,0,1
2484,13,100,0,0,0,0,1
2485,14,97,0,0,0,0,1
2486,15,95,0,0,0,0,1
2487,16,94,0,0,0,0,1
2488,17,86,0,0,0,0,1
2489,18,72,0,0,0,0,1
2490,19,70,0,0,0,0,1
2491,20,63,0,0,0,0,1
2492,21,20,0,0,0,0,1
2493,22,5,0,0,0,0,1
2494,23,5,0,0,0,0,1
2495,0,5,0,0,0,0,1
2496,1,5,0,0,0,0,1
2497,2,5,0,0,0,0,1
2498,3,5,0,0,0,0,1
2499,4,5,0,0,0,0,1
2500,5,20,0,0,0,0,1
2501,6,30,0,0,0,0,1
2502,7,70,0,0,0,0,1
2503,8,90,0,0,0,0,1
2504,9,100,0,0,0,0,1
2505,10,100,0,0,0,0,1
2506,11,100,0,0,0,0,1
2507,12,100,0,0,0,0,1
2508,13,100,0,0,0,0,1
2509,14,100,0,0,0,0,1
2510,15,95,0,0,0,0,1
2511,16,92,0,0,0,0,1
2512,17,86,0,0,0,0,1
2513,18,70,0,0,0,0,1
2514,19,40,0,0,0,0,1
2515,20,20,0,0,0,0,1
2516,21,3,0,0,0,0,1
2517,22,3,0,0,0,0,1
2518,23,3,0,0,0,0,1
2519,0,3,0,0,0,0,1
2520,1,3,0,0,0,0,1
2521,2,3,0,0,0,0,1
2522,3,3,0,0,0,0,1
2523,4,3,0,0,0,0,1
2524,5,20,0,0,0,0,1
2525,6,40,0,0,0,0,1
2526,7,88,0,0,0,0,1
2527,8,90,0,0,0,0,1
2528,9,100,0,0,0,0,1
2529,10,100,0,0,0,0,1
2530,11,100,0,0,0,0,1
2531,12,100,0,0,0,0,1
2532,13,100,0,0,0,0,1
2533,14,97,0,0,0,0,1
2534,15,95,0,0,0,0,1
2535,16,94,0,0,0,0,1
2536,17,86,0,0,0,0,1
2537,18,72,0,0,0,0,1
2538,19,70,0,0,0,0,1
2539,20,63,0,0,0,0,1
2540,21,20,0,0,0,0,1
2541,22,2,0,0,0,0,1
2542,23,2,0,0,0,0,1
2543,0,2,0,0,0,0,1
2544,1,2,0,0,0,0,1
2545,2,2,0,0,0,0,1
2546,3,2,0,0,0,0,1
2547,4,2,0,0,0,0,1
2548,5,20,0,0,0,0,1
2549,6,40,0,0,0,0,1
2550,7,88,0,0,0,0,1
2551,8,90,0,0,0,0,1
2552,9,100,0,0,0,0,1
2553,10,100,0,0,0,0,1
2554,11,100,0,0,0,0,1
2555,12,100,0,0,0,0,1
2556,13,100,0,0,0,0,1
2557,14,97,0,0,0,0,1
2558,15,95,0,0,0,0,1
2559,16,94,0,0,0,0,1
2560,17,86,0,0,0,0,1
2561,18,72,0,0,0,0,1
2562,19,70,0,0,0,0,1
2563,20,63,0,0,0,0,1
2564,21,20,0,0,0,0,1
2565,22,5,0,0,0,0,1
2566,23,5,0,0,0,0,1
2567,0,5,0,0,0,0,1
2568,1,5,0,0,0,0,1
2569,2,5,0,0,0,0,1
2570,3,5,0,0,0,0,1
2571,4,5,0,0,0,0,1
2572,5,20,0,0,0,0,1
2573,6,40,0,0,0,0,1
2574,7,88,0,0,0,0,1
2575,8,90,0,0,0,0,1
2576,9,100,0,0,0,0,1
2577,10,100,0,0,0,0,1
2578,11,100,0,0,0,0,1
2579,12,100,0,0,0,0,1
2580,13,100,0,0,0,0,1
2581,14,97,0,0,0,0,1
2582,15,95,0,0,0,0,1
2583,16,94,0,0,0,0,1
2584,17,86,0,0,0,0,1
2585,18,72,0,0,0,0,1
2586,19,70,0,0,0,0,1
2587,20,63,0,0,0,0,1
2588,21,20,0,0,0,0,1
2589,22,5,0,0,0,0,1
2590,23,5,0,0,0,0,1
2591,0,5,0,1,0,0,0
2592,1,5,0,1,0,0,0
2593,2,5,0,1,0,0,0
2594,3,5,0,1,0,0,0
2595,4,5,0,1,0,0,0
2596,5,5,0,1,0,0,0
2597,6,20,0,1,0,0,0
2598,7,30,0,1,0,0,0
2599,8,40,0,1,0,0,0
2600,9,50,0,1,0,0,0
2601,10,60,0,1,0,0,0
2602,11,70,0,1,0,0,0
2603,12,80,0,1,0,0,0
2604,13,80,0,1,0,0,0
2605,14,80,0,1,0,0,0
2606,15,80,0,1,0,0,0
2607,16,80,0,1,0,0,0
2608,17,62,0,1,0,0,0
2609,18,40,0,1,0,0,0
2610,19,28,0,1,0,0,0
2611,20,20,0,1,0,0,0
2612,21,10,0,1,0,0,0
2613,22,4,0,1,0,0,0
2614,23,4,0,1,0,0,0
2615,0,4,0,1,0,0,0
2616,1,4,0,1,0,0,0
2617,2,4,0,1,0,0,0
2618,3,4,0,1,0,0,0
2619,4,4,0,1,0,0,0
2620,5,4,0,1,0,0,0
2621,6,10,0,1,0,0,0
2622,7,20,0,1,0,0,0
2623,8,40,0,1,0,0,0
2624,9,45,0,1,0,0,0
2625,10,55,0,1,0,0,0
2626,11,55,0,1,0,0,0
2627,12,55,0,1,0,0,0
2628,13,55,0,1,0,0,0
2629,14,55,0,1,0,0,0
2630,15,55,0,1,0,0,0
2631,16,44,0,1,0,0,0
2632,17,32,0,1,0,0,0
2633,18,30,0,1,0,0,0
2634,19,22,0,1,0,0,0
2635,20,20,0,1,0,0,0
2636,21,10,0,1,0,0,0
2637,22,4,0,1,0,0,0
2638,23,4,0,1,0,0,0
2639,0,5,1,0,0,0,0
2640,1,5,1,0,0,0,0
2641,2,5,1,0,0,0,0
2642,3,5,1,0,0,0,0
2643,4,5,1,0,0,0,0
2644,5,20,1,0,0,0,0
2645,6,30,1,0,0,0,0
2646,7,40,1,0,0,0,0
2647,8,50,1,0,0,0,0
2648,9,60,1,0,0,0,0
2649,10,70,1,0,0,0,0
2650,11,80,1,0,0,0,0
2651,12,80,1,0,0,0,0
2652,13,80,1,0,0,0,0
2653,14,80,1,0,0,0,0
2654,15,80,1,0,0,0,0
2655,16,62,1,0,0,0,0
2656,17,40,1,0,0,0,0
2657,18,28,1,0,0,0,0
2658,19,20,1,0,0,0,0
2659,20,10,1,0,0,0,0
2660,21,4,1,0,0,0,0
2661,22,4,1,0,0,0,0
2662,23,4,1,0,0,0,0
2663,0,4,1,0,0,0,0
2664,1,4,1,0,0,0,0
2665,2,4,1,0,0,0,0
2666,3,4,1,0,0,0,0
2667,4,4,1,0,0,0,0
2668,5,10,1,0,0,0,0
2669,6,20,1,0,0,0,0
2670,7,40,1,0,0,0,0
2671,8,45,1,0,0,0,0
2672,9,55,1,0,0,0,0
2673,10,55,1,0,0,0,0
2674,11,55,1,0,0,0,0
2675,12,55,1,0,0,0,0
2676,13,55,1,0,0,0,0
2677,14,55,1,0,0,0,0
2678,15,44,1,0,0,0,0
2679,16,32,1,0,0,0,0
2680,17,30,1,0,0,0,0
2681,18,22,1,0,0,0,0
2682,19,20,1,0,0,0,0
2683,20,10,1,0,0,0,0
2684,21,5,1,0,0,0,0
2685,22,5,1,0,0,0,0
2686,23,5,1,0,0,0,0
2687,0,5,1,0,0,0,0
2688,1,5,1,0,0,0,0
2689,2,5,1,0,0,0,0
2690,3,5,1,0,0,0,0
2691,4,5,1,0,0,0,0
2692,5,20,1,0,0,0,0
2693,6,30,1,0,0,0,0
2694,7,40,1,0,0,0,0
2695,8,50,1,0,0,0,0
2696,9,60,1,0,0,0,0
2697,10,70,1,0,0,0,0
2698,11,80,1,0,0,0,0
2699,12,80,1,0,0,0,0
2700,13,80,1,0,0,0,0
2701,14,80,1,0,0,0,0
2702,15,80,1,0,0,0,0
2703,16,62,1,0,0,0,0
2704,17,40,1,0,0,0,0
2705,18,28,1,0,0,0,0
2706,19,20,1,0,0,0,0
2707,20,10,1,0,0,0,0
2708,21,4,1,0,0,0,0
2709,22,4,1,0,0,0,0
2710,23,4,1,0,0,0,0
2711,0,4,1,0,0,0,0
2712,1,4,1,0,0,0,0
2713,2,4,1,0,0,0,0
2714,3,4,1,0,0,0,0
2715,4,4,1,0,0,0,0
2716,5,4,1,0,0,0,0
2717,6,20,1,0,0,0,0
2718,7,27,1,0,0,0,0
2719,8,60,1,0,0,0,0
2720,9,65,1,0,0,0,0
2721,10,65,1,0,0,0,0
2722,11,65,1,0,0,0,0
2723,12,65,1,0,0,0,0
2724,13,65,1,0,0,0,0
2725,14,65,1,0,0,0,0
2726,15,65,1,0,0,0,0
2727,16,49,1,0,0,0,0
2728,17,40,1,0,0,0,0
2729,18,30,1,0,0,0,0
2730,19,10,1,0,0,0,0
2731,20,3,1,0,0,0,0
2732,21,3,1,0,0,0,0
2733,22,3,1,0,0,0,0
2734,23,3,1,0,0,0,0
2735,0,4,1,0,0,0,0
2736,1,4,1,0,0,0,0
2737,2,4,1,0,0,0,0
2738,3,4,1,0,0,0,0
2739,4,4,1,0,0,0,0
2740,5,10,1,0,0,0,0
2741,6,20,1,0,0,0,0
2742,7,40,1,0,0,0,0
2743,8,45,1,0,0,0,0
2744,9,55,1,0,0,0,0
2745,10,55,1,0,0,0,0
2746,11,55,1,0,0,0,0
2747,12,55,1,0,0,0,0
2748,13,55,1,0,0,0,0
2749,14,55,1,0,0,0,0
2750,15,44,1,0,0,0,0
2751,16,32,1,0,0,0,0
2752,17,30,1,0,0,0,0
2753,18,22,1,0,0,0,0
2754,19,20,1,0,0,0,0
2755,20,15,1,0,0,0,0
2756,21,6,1,0,0,0,0
2757,22,6,1,0,0,0,0
2758,23,6,1,0,0,0,0
2759,0,5,0,1,0,0,0
2760,1,5,0,1,0,0,0
2761,2,5,0,1,0,0,0
2762,3,5,0,1,0,0,0
2763,4,5,0,1,0,0,0
2764,5,5,0,1,0,0,0
2765,6,20,0,1,0,0,0
2766,7,30,0,1,0,0,0
2767,8,40,0,1,0,0,0
2768,9,50,0,1,0,0,0
2769,10,60,0,1,0,0,0
2770,11,70,0,1,0,0,0
2771,12,80,0,1,0,0,0
2772,13,80,0,1,0,0,0
2773,14,80,0,1,0,0,0
2774,15,80,0,1,0,0,0
2775,16,80,0,1,0,0,0
2776,17,20,0,1,0,0,0
2777,18,10,0,1,0,0,0
2778,19,2,0,1,0,0,0
2779,20,2,0,1,0,0,0
2780,21,2,0,1,0,0,0
2781,22,2,0,1,0,0,0
2782,23,2,0,1,0,0,0
2783,0,2,0,1,0,0,0
2784,1,2,0,1,0,0,0
2785,2,2,0,1,0,0,0
2786,3,2,0,1,0,0,0
2787,4,2,0,1,0,0,0
2788,5,2,0,1,0,0,0
2789,6,20,0,1,0,0,0
2790,7,30,0,1,0,0,0
2791,8,40,0,1,0,0,0
2792,9,50,0,1,0,0,0
2793,10,60,0,1,0,0,0
2794,11,70,0,1,0,0,0
2795,12,80,0,1,0,0,0
2796,13,80,0,1,0,0,0
2797,14,80,0,1,0,0,0
2798,15,80,0,1,0,0,0
2799,16,80,0,1,0,0,0
2800,17,20,0,1,0,0,0
2801,18,6,0,1,0,0,0
2802,19,2,0,1,0,0,0
2803,20,2,0,1,0,0,0
2804,21,2,0,1,0,0,0
2805,22,2,0,1,0,0,0
2806,23,2,0,1,0,0,0
2807,0,5,1,0,0,0,0
2808,1,5,1,0,0,0,0
2809,2,5,1,0,0,0,0
2810,3,5,1,0,0,0,0
2811,4,5,1,0,0,0,0
2812,5,5,1,0,0,0,0
2813,6,20,1,0,0,0,0
2814,7,30,1,0,0,0,0
2815,8,40,1,0,0,0,0
2816,9,50,1,0,0,0,0
2817,10,60,1,0,0,0,0
2818,11,70,1,0,0,0,0
2819,12,80,1,0,0,0,0
2820,13,80,1,0,0,0,0
2821,14,80,1,0,0,0,0
2822,15,80,1,0,0,0,0
2823,16,80,1,0,0,0,0
2824,17,20,1,0,0,0,0
2825,18,12,1,0,0,0,0
2826,19,10,1,0,0,0,0
2827,20,2,1,0,0,0,0
2828,21,1,1,0,0,0,0
2829,22,1,1,0,0,0,0
2830,23,1,1,0,0,0,0
